order_item_id,type,order_id,item_id,requested_quantity,processed_quantity,start_location_id,goal_location_id,start_y,start_x,goal_y,goal_x,rack_id,status,priority,assigned_agent,requested_time
1001,INBOUND,5001,HK003,13,0,0,0,79,81,7,47,D009,WAIT,1,,1
1002,OUTBOUND,6001,HK003,9,0,0,0,7,47,79,40,D009,PENDING,1,,2
1003,INBOUND,5001,HK001,19,0,0,0,77,90,8,49,E010,WAIT,1,,3
1004,OUTBOUND,8001,HK001,19,0,0,0,8,49,78,31,E010,PENDING,1,,4
1005,INBOUND,7001,NX003,20,0,0,0,79,90,14,27,K005,WAIT,1,,5
1006,OUTBOUND,7001,NX003,10,0,0,0,14,27,79,28,K005,PENDING,1,,6
1007,INBOUND,5001,HK005,6,0,0,0,76,92,5,19,B004,WAIT,1,,7
1008,OUTBOUND,8001,HK005,10,0,0,0,5,19,77,39,B004,PENDING,1,,8
1009,INBOUND,5001,KH002,23,0,0,0,77,84,12,29,I006,WAIT,1,,9
1010,OUTBOUND,5001,KH002,1,0,0,0,12,29,77,30,I006,PENDING,1,,10
1011,INBOUND,5001,NX001,21,0,0,0,79,81,10,59,G012,WAIT,1,,11
1012,OUTBOUND,7001,NX001,14,0,0,0,10,59,77,28,G012,PENDING,1,,12
1013,INBOUND,5001,HK004,24,0,0,0,76,79,16,59,M012,WAIT,1,,13
1014,OUTBOUND,7001,HK004,1,0,0,0,16,59,77,33,M012,PENDING,1,,14
1015,INBOUND,5001,KH003,19,0,0,0,78,82,58,75,S004,WAIT,1,,15
1016,OUTBOUND,5001,KH003,4,0,0,0,58,75,76,34,S004,PENDING,1,,16
1017,INBOUND,8001,NX005,18,0,0,0,79,84,6,17,C003,WAIT,1,,17
1018,OUTBOUND,7001,NX005,1,0,0,0,6,17,77,34,C003,PENDING,1,,18
1019,INBOUND,6001,KH001,16,0,0,0,76,85,21,57,R011,WAIT,1,,19
1020,OUTBOUND,7001,KH001,17,0,0,0,21,57,77,40,R011,PENDING,1,,20
1021,INBOUND,5001,NX004,9,0,0,0,77,87,13,17,J003,WAIT,1,,21
1022,OUTBOUND,8001,NX004,21,0,0,0,13,17,76,33,J003,PENDING,1,,22
1023,INBOUND,7001,NX002,13,0,0,0,76,83,23,39,T008,WAIT,1,,23
1024,OUTBOUND,5001,NX002,2,0,0,0,23,39,78,40,T008,PENDING,1,,24
1025,INBOUND,8001,HK002,20,0,0,0,76,93,15,47,L009,WAIT,1,,25
1026,OUTBOUND,7001,HK002,6,0,0,0,15,47,76,32,L009,PENDING,1,,26
1027,INBOUND,5001,KH005,3,0,0,0,76,87,17,9,N002,WAIT,1,,27
1028,OUTBOUND,8001,KH005,13,0,0,0,17,9,79,34,N002,PENDING,1,,28
1029,INBOUND,5001,KH004,17,0,0,0,78,90,9,59,F012,WAIT,1,,29
1030,OUTBOUND,8001,KH004,15,0,0,0,9,59,77,40,F012,PENDING,1,,30
1031,INBOUND,5001,HK003,9,0,0,0,77,83,21,17,R003,WAIT,1,,31
1032,OUTBOUND,8001,HK003,12,0,0,0,21,17,76,39,R003,PENDING,1,,32
1033,INBOUND,8001,HK001,13,0,0,0,77,80,6,47,C009,WAIT,1,,33
1034,OUTBOUND,6001,HK001,17,0,0,0,6,47,78,29,C009,PENDING,1,,34
1035,INBOUND,6001,NX003,13,0,0,0,78,90,20,57,Q011,WAIT,1,,35
1036,OUTBOUND,6001,NX003,6,0,0,0,20,57,78,41,Q011,PENDING,1,,36
1037,INBOUND,5001,HK005,9,0,0,0,76,81,18,49,O010,WAIT,1,,37
1038,OUTBOUND,6001,HK005,23,0,0,0,18,49,76,38,O010,PENDING,1,,38
1039,INBOUND,8001,KH002,19,0,0,0,78,91,6,27,C005,WAIT,1,,39
1040,OUTBOUND,8001,KH002,4,0,0,0,6,27,79,41,C005,PENDING,1,,40
1041,INBOUND,8001,NX001,4,0,0,0,79,90,11,49,H010,WAIT,1,,41
1042,OUTBOUND,7001,NX001,22,0,0,0,11,49,77,42,H010,PENDING,1,,42
1043,INBOUND,8001,HK004,4,0,0,0,76,87,19,17,P003,WAIT,1,,43
1044,OUTBOUND,8001,HK004,13,0,0,0,19,17,78,38,P003,PENDING,1,,44
1045,INBOUND,5001,KH003,18,0,0,0,79,89,24,19,U004,WAIT,1,,45
1046,OUTBOUND,6001,KH003,11,0,0,0,24,19,79,42,U004,PENDING,1,,46
1047,INBOUND,6001,NX005,15,0,0,0,79,92,21,59,R012,WAIT,1,,47
1048,OUTBOUND,6001,NX005,20,0,0,0,21,59,79,33,R012,PENDING,1,,48
1049,INBOUND,7001,KH001,24,0,0,0,78,89,13,57,J011,WAIT,1,,49
1050,OUTBOUND,5001,KH001,5,0,0,0,13,57,77,40,J011,PENDING,1,,50
1051,INBOUND,6001,NX004,9,0,0,0,78,86,18,47,O009,WAIT,1,,51
1052,OUTBOUND,5001,NX004,4,0,0,0,18,47,77,37,O009,PENDING,1,,52
1053,INBOUND,8001,NX002,15,0,0,0,79,83,6,9,C002,WAIT,1,,53
1054,OUTBOUND,8001,NX002,1,0,0,0,6,9,76,37,C002,PENDING,1,,54
1055,INBOUND,6001,HK002,23,0,0,0,78,88,17,19,N004,WAIT,1,,55
1056,OUTBOUND,7001,HK002,18,0,0,0,17,19,76,41,N004,PENDING,1,,56
1057,INBOUND,8001,KH005,18,0,0,0,77,89,17,39,N008,WAIT,1,,57
1058,OUTBOUND,7001,KH005,19,0,0,0,17,39,78,30,N008,PENDING,1,,58
1059,INBOUND,7001,KH004,1,0,0,0,79,88,15,37,L007,WAIT,1,,59
1060,OUTBOUND,5001,KH004,15,0,0,0,15,37,79,29,L007,PENDING,1,,60
1061,INBOUND,5001,HK003,17,0,0,0,77,87,12,7,I001,WAIT,1,,61
1062,OUTBOUND,6001,HK003,1,0,0,0,12,7,78,37,I001,PENDING,1,,62
1063,INBOUND,6001,HK001,12,0,0,0,76,85,10,47,G009,WAIT,1,,63
1064,OUTBOUND,5001,HK001,1,0,0,0,10,47,76,31,G009,PENDING,1,,64
1065,INBOUND,5001,NX003,17,0,0,0,76,79,6,57,C011,WAIT,1,,65
1066,OUTBOUND,8001,NX003,6,0,0,0,6,57,78,38,C011,PENDING,1,,66
1067,INBOUND,7001,HK005,13,0,0,0,79,92,17,59,N012,WAIT,1,,67
1068,OUTBOUND,5001,HK005,12,0,0,0,17,59,77,37,N012,PENDING,1,,68
1069,INBOUND,5001,KH002,8,0,0,0,77,80,20,9,Q002,WAIT,1,,69
1070,OUTBOUND,8001,KH002,8,0,0,0,20,9,79,37,Q002,PENDING,1,,70
1071,INBOUND,7001,NX001,18,0,0,0,79,84,22,39,S008,WAIT,1,,71
1072,OUTBOUND,7001,NX001,16,0,0,0,22,39,79,31,S008,PENDING,1,,72
1073,INBOUND,8001,HK004,21,0,0,0,76,84,16,7,M001,WAIT,1,,73
1074,OUTBOUND,8001,HK004,23,0,0,0,16,7,79,39,M001,PENDING,1,,74
1075,INBOUND,8001,KH003,12,0,0,0,78,80,16,57,M011,WAIT,1,,75
1076,OUTBOUND,8001,KH003,1,0,0,0,16,57,77,30,M011,PENDING,1,,76
1077,INBOUND,5001,NX005,10,0,0,0,77,81,11,59,H012,WAIT,1,,77
1078,OUTBOUND,5001,NX005,13,0,0,0,11,59,76,36,H012,PENDING,1,,78
1079,INBOUND,7001,KH001,4,0,0,0,76,86,21,19,R004,WAIT,1,,79
1080,OUTBOUND,5001,KH001,6,0,0,0,21,19,78,29,R004,PENDING,1,,80
1081,INBOUND,5001,NX004,17,0,0,0,79,80,24,29,U006,WAIT,1,,81
1082,OUTBOUND,8001,NX004,11,0,0,0,24,29,76,32,U006,PENDING,1,,82
1083,INBOUND,6001,NX002,10,0,0,0,77,92,24,27,U005,WAIT,1,,83
1084,OUTBOUND,8001,NX002,17,0,0,0,24,27,77,32,U005,PENDING,1,,84
1085,INBOUND,7001,HK002,17,0,0,0,79,87,14,7,K001,WAIT,1,,85
1086,OUTBOUND,6001,HK002,10,0,0,0,14,7,78,41,K001,PENDING,1,,86
1087,INBOUND,5001,KH005,18,0,0,0,77,80,8,9,E002,WAIT,1,,87
1088,OUTBOUND,8001,KH005,3,0,0,0,8,9,76,32,E002,PENDING,1,,88
1089,INBOUND,7001,KH004,1,0,0,0,77,92,59,25,S009,WAIT,1,,89
1090,OUTBOUND,5001,KH004,12,0,0,0,59,25,78,39,S009,PENDING,1,,90
1091,INBOUND,8001,HK003,7,0,0,0,76,83,5,9,B002,WAIT,1,,91
1092,OUTBOUND,8001,HK003,8,0,0,0,5,9,76,32,B002,PENDING,1,,92
1093,INBOUND,8001,HK001,12,0,0,0,76,93,7,37,D007,WAIT,1,,93
1094,OUTBOUND,8001,HK001,20,0,0,0,7,37,77,31,D007,PENDING,1,,94
1095,INBOUND,8001,NX003,16,0,0,0,76,84,20,39,Q008,WAIT,1,,95
1096,OUTBOUND,5001,NX003,13,0,0,0,20,39,77,39,Q008,PENDING,1,,96
1097,INBOUND,8001,HK005,1,0,0,0,76,80,17,27,N005,WAIT,1,,97
1098,OUTBOUND,6001,HK005,22,0,0,0,17,27,79,33,N005,PENDING,1,,98
1099,INBOUND,5001,KH002,17,0,0,0,78,88,7,57,D011,WAIT,1,,99
1100,OUTBOUND,7001,KH002,21,0,0,0,7,57,78,32,D011,PENDING,1,,100
1101,INBOUND,6001,NX001,12,0,0,0,79,89,18,19,O004,WAIT,1,,101
1102,OUTBOUND,8001,NX001,1,0,0,0,18,19,78,38,O004,PENDING,1,,102
1103,INBOUND,8001,HK004,20,0,0,0,77,81,59,35,S010,WAIT,1,,103
1104,OUTBOUND,7001,HK004,23,0,0,0,59,35,78,37,S010,PENDING,1,,104
1105,INBOUND,5001,KH003,21,0,0,0,78,82,18,59,O012,WAIT,1,,105
1106,OUTBOUND,8001,KH003,15,0,0,0,18,59,79,40,O012,PENDING,1,,106
1107,INBOUND,7001,NX005,21,0,0,0,79,91,11,37,H007,WAIT,1,,107
1108,OUTBOUND,7001,NX005,17,0,0,0,11,37,76,38,H007,PENDING,1,,108
1109,INBOUND,5001,KH001,2,0,0,0,76,86,16,49,M010,WAIT,1,,109
1110,OUTBOUND,6001,KH001,1,0,0,0,16,49,78,41,M010,PENDING,1,,110
1111,INBOUND,7001,NX004,4,0,0,0,78,81,23,19,T004,WAIT,1,,111
1112,OUTBOUND,7001,NX004,23,0,0,0,23,19,77,38,T004,PENDING,1,,112
1113,INBOUND,5001,NX002,21,0,0,0,79,93,9,57,F011,WAIT,1,,113
1114,OUTBOUND,6001,NX002,14,0,0,0,9,57,79,38,F011,PENDING,1,,114
1115,INBOUND,6001,HK002,16,0,0,0,76,79,18,29,O006,WAIT,1,,115
1116,OUTBOUND,7001,HK002,17,0,0,0,18,29,79,32,O006,PENDING,1,,116
1117,INBOUND,7001,KH005,20,0,0,0,78,82,16,27,M005,WAIT,1,,117
1118,OUTBOUND,5001,KH005,7,0,0,0,16,27,79,41,M005,PENDING,1,,118
1119,INBOUND,5001,KH004,6,0,0,0,79,86,15,29,L006,WAIT,1,,119
1120,OUTBOUND,6001,KH004,19,0,0,0,15,29,77,29,L006,PENDING,1,,120
1121,INBOUND,6001,HK003,9,0,0,0,78,92,22,37,S007,WAIT,1,,121
1122,OUTBOUND,8001,HK003,5,0,0,0,22,37,78,31,S007,PENDING,1,,122
1123,INBOUND,5001,HK001,13,0,0,0,79,85,18,7,O001,WAIT,1,,123
1124,OUTBOUND,7001,HK001,6,0,0,0,18,7,77,40,O001,PENDING,1,,124
1125,INBOUND,8001,NX003,22,0,0,0,76,81,23,29,T006,WAIT,1,,125
1126,OUTBOUND,6001,NX003,12,0,0,0,23,29,77,38,T006,PENDING,1,,126
1127,INBOUND,5001,HK005,15,0,0,0,78,92,7,29,D006,WAIT,1,,127
1128,OUTBOUND,8001,HK005,15,0,0,0,7,29,79,36,D006,PENDING,1,,128
1129,INBOUND,6001,KH002,19,0,0,0,77,82,11,27,H005,WAIT,1,,129
1130,OUTBOUND,7001,KH002,15,0,0,0,11,27,78,30,H005,PENDING,1,,130
1131,INBOUND,6001,NX001,22,0,0,0,76,92,13,49,J010,WAIT,1,,131
1132,OUTBOUND,7001,NX001,5,0,0,0,13,49,79,28,J010,PENDING,1,,132
1133,INBOUND,6001,HK004,1,0,0,0,78,82,14,37,K007,WAIT,1,,133
1134,OUTBOUND,6001,HK004,10,0,0,0,14,37,76,35,K007,PENDING,1,,134
1135,INBOUND,6001,KH003,14,0,0,0,77,82,8,29,E006,WAIT,1,,135
1136,OUTBOUND,5001,KH003,8,0,0,0,8,29,77,38,E006,PENDING,1,,136
1137,INBOUND,7001,NX005,4,0,0,0,76,92,14,39,K008,WAIT,1,,137
1138,OUTBOUND,6001,NX005,12,0,0,0,14,39,78,37,K008,PENDING,1,,138
1139,INBOUND,7001,KH001,4,0,0,0,77,89,5,29,B006,WAIT,1,,139
1140,OUTBOUND,5001,KH001,22,0,0,0,5,29,78,28,B006,PENDING,1,,140
1141,INBOUND,5001,NX004,12,0,0,0,78,87,23,59,T012,WAIT,1,,141
1142,OUTBOUND,8001,NX004,8,0,0,0,23,59,76,40,T012,PENDING,1,,142
1143,INBOUND,6001,NX002,7,0,0,0,77,93,12,59,I012,WAIT,1,,143
1144,OUTBOUND,6001,NX002,17,0,0,0,12,59,78,33,I012,PENDING,1,,144
1145,INBOUND,6001,HK002,11,0,0,0,79,85,6,49,C010,WAIT,1,,145
1146,OUTBOUND,7001,HK002,22,0,0,0,6,49,76,38,C010,PENDING,1,,146
1147,INBOUND,7001,KH005,11,0,0,0,78,79,6,39,C008,WAIT,1,,147
1148,OUTBOUND,7001,KH005,2,0,0,0,6,39,78,38,C008,PENDING,1,,148
1149,INBOUND,7001,KH004,16,0,0,0,77,91,15,19,L004,WAIT,1,,149
1150,OUTBOUND,6001,KH004,7,0,0,0,15,19,79,41,L004,PENDING,1,,150
1151,INBOUND,5001,HK003,22,0,0,0,79,87,12,47,I009,WAIT,1,,151
1152,OUTBOUND,6001,HK003,24,0,0,0,12,47,77,37,I009,PENDING,1,,152
1153,INBOUND,6001,HK001,10,0,0,0,77,89,15,59,L012,WAIT,1,,153
1154,OUTBOUND,6001,HK001,21,0,0,0,15,59,79,39,L012,PENDING,1,,154
1155,INBOUND,8001,NX003,3,0,0,0,76,86,13,47,J009,WAIT,1,,155
1156,OUTBOUND,5001,NX003,5,0,0,0,13,47,79,30,J009,PENDING,1,,156
1157,INBOUND,5001,HK005,14,0,0,0,78,82,17,17,N003,WAIT,1,,157
1158,OUTBOUND,7001,HK005,20,0,0,0,17,17,77,28,N003,PENDING,1,,158
1159,INBOUND,6001,KH002,16,0,0,0,77,90,15,39,L008,WAIT,1,,159
1160,OUTBOUND,8001,KH002,4,0,0,0,15,39,79,30,L008,PENDING,1,,160
1161,INBOUND,8001,NX001,9,0,0,0,79,81,4,29,A006,WAIT,1,,161
1162,OUTBOUND,6001,NX001,9,0,0,0,4,29,76,28,A006,PENDING,1,,162
1163,INBOUND,8001,HK004,19,0,0,0,79,89,20,29,Q006,WAIT,1,,163
1164,OUTBOUND,5001,HK004,21,0,0,0,20,29,78,40,Q006,PENDING,1,,164
1165,INBOUND,7001,KH003,5,0,0,0,77,81,24,17,U003,WAIT,1,,165
1166,OUTBOUND,6001,KH003,13,0,0,0,24,17,77,31,U003,PENDING,1,,166
1167,INBOUND,8001,NX005,20,0,0,0,79,84,16,29,M006,WAIT,1,,167
1168,OUTBOUND,7001,NX005,9,0,0,0,16,29,76,42,M006,PENDING,1,,168
1169,INBOUND,6001,KH001,8,0,0,0,78,86,21,37,R007,WAIT,1,,169
1170,OUTBOUND,6001,KH001,19,0,0,0,21,37,77,35,R007,PENDING,1,,170
1171,INBOUND,6001,NX004,23,0,0,0,76,83,16,17,M003,WAIT,1,,171
1172,OUTBOUND,7001,NX004,17,0,0,0,16,17,76,28,M003,PENDING,1,,172
1173,INBOUND,7001,NX002,19,0,0,0,77,92,16,9,M002,WAIT,1,,173
1174,OUTBOUND,5001,NX002,8,0,0,0,16,9,76,34,M002,PENDING,1,,174
1175,INBOUND,5001,HK002,1,0,0,0,76,90,15,17,L003,WAIT,1,,175
1176,OUTBOUND,5001,HK002,14,0,0,0,15,17,78,39,L003,PENDING,1,,176
1177,INBOUND,7001,KH005,19,0,0,0,78,83,6,29,C006,WAIT,1,,177
1178,OUTBOUND,8001,KH005,11,0,0,0,6,29,77,31,C006,PENDING,1,,178
1179,INBOUND,5001,KH004,20,0,0,0,78,86,14,9,K002,WAIT,1,,179
1180,OUTBOUND,8001,KH004,8,0,0,0,14,9,77,34,K002,PENDING,1,,180
1181,INBOUND,7001,HK003,22,0,0,0,78,81,17,7,N001,WAIT,1,,181
1182,OUTBOUND,7001,HK003,17,0,0,0,17,7,78,28,N001,PENDING,1,,182
1183,INBOUND,5001,HK001,22,0,0,0,77,91,19,27,P005,WAIT,1,,183
1184,OUTBOUND,6001,HK001,14,0,0,0,19,27,76,30,P005,PENDING,1,,184
1185,INBOUND,7001,NX003,7,0,0,0,78,81,4,19,A004,WAIT,1,,185
1186,OUTBOUND,7001,NX003,16,0,0,0,4,19,76,34,A004,PENDING,1,,186
1187,INBOUND,6001,HK005,13,0,0,0,78,81,4,49,A010,WAIT,1,,187
1188,OUTBOUND,7001,HK005,6,0,0,0,4,49,78,35,A010,PENDING,1,,188
1189,INBOUND,6001,KH002,23,0,0,0,79,79,19,29,P006,WAIT,1,,189
1190,OUTBOUND,7001,KH002,4,0,0,0,19,29,76,40,P006,PENDING,1,,190
1191,INBOUND,6001,NX001,22,0,0,0,78,82,24,57,U011,WAIT,1,,191
1192,OUTBOUND,7001,NX001,16,0,0,0,24,57,79,30,U011,PENDING,1,,192
1193,INBOUND,8001,HK004,14,0,0,0,77,80,8,59,E012,WAIT,1,,193
1194,OUTBOUND,7001,HK004,13,0,0,0,8,59,78,36,E012,PENDING,1,,194
1195,INBOUND,6001,KH003,3,0,0,0,76,93,23,17,T003,WAIT,1,,195
1196,OUTBOUND,7001,KH003,19,0,0,0,23,17,76,42,T003,PENDING,1,,196
1197,INBOUND,5001,NX005,4,0,0,0,76,84,59,45,S011,WAIT,1,,197
1198,OUTBOUND,8001,NX005,12,0,0,0,59,45,79,42,S011,PENDING,1,,198
1199,INBOUND,8001,KH001,5,0,0,0,78,85,5,59,B012,WAIT,1,,199
1200,OUTBOUND,5001,KH001,9,0,0,0,5,59,79,33,B012,PENDING,1,,200
1201,INBOUND,6001,NX004,23,0,0,0,76,79,23,47,T009,WAIT,1,,201
1202,OUTBOUND,7001,NX004,15,0,0,0,23,47,78,28,T009,PENDING,1,,202
1203,INBOUND,6001,NX002,10,0,0,0,76,88,8,47,E009,WAIT,1,,203
1204,OUTBOUND,5001,NX002,6,0,0,0,8,47,76,42,E009,PENDING,1,,204
1205,INBOUND,7001,HK002,18,0,0,0,76,85,20,59,Q012,WAIT,1,,205
1206,OUTBOUND,6001,HK002,23,0,0,0,20,59,76,31,Q012,PENDING,1,,206
1207,INBOUND,7001,KH005,22,0,0,0,77,91,8,57,E011,WAIT,1,,207
1208,OUTBOUND,5001,KH005,24,0,0,0,8,57,79,31,E011,PENDING,1,,208
1209,INBOUND,8001,KH004,4,0,0,0,76,81,24,39,U008,WAIT,1,,209
1210,OUTBOUND,5001,KH004,3,0,0,0,24,39,78,33,U008,PENDING,1,,210
1211,INBOUND,7001,HK003,11,0,0,0,77,79,9,17,F003,WAIT,1,,211
1212,OUTBOUND,8001,HK003,5,0,0,0,9,17,78,28,F003,PENDING,1,,212
1213,INBOUND,6001,HK001,14,0,0,0,76,85,9,29,F006,WAIT,1,,213
1214,OUTBOUND,6001,HK001,14,0,0,0,9,29,79,42,F006,PENDING,1,,214
1215,INBOUND,7001,NX003,22,0,0,0,79,93,11,29,H006,WAIT,1,,215
1216,OUTBOUND,5001,NX003,3,0,0,0,11,29,78,42,H006,PENDING,1,,216
1217,INBOUND,8001,HK005,7,0,0,0,78,86,12,37,I007,WAIT,1,,217
1218,OUTBOUND,8001,HK005,10,0,0,0,12,37,79,41,I007,PENDING,1,,218
1219,INBOUND,7001,KH002,11,0,0,0,78,88,14,49,K010,WAIT,1,,219
1220,OUTBOUND,7001,KH002,20,0,0,0,14,49,77,35,K010,PENDING,1,,220
1221,INBOUND,8001,NX001,12,0,0,0,79,87,14,19,K004,WAIT,1,,221
1222,OUTBOUND,6001,NX001,16,0,0,0,14,19,78,33,K004,PENDING,1,,222
1223,INBOUND,7001,HK004,14,0,0,0,79,79,12,57,I011,WAIT,1,,223
1224,OUTBOUND,8001,HK004,15,0,0,0,12,57,76,40,I011,PENDING,1,,224
1225,INBOUND,7001,KH003,13,0,0,0,78,81,13,59,J012,WAIT,1,,225
1226,OUTBOUND,6001,KH003,13,0,0,0,13,59,76,35,J012,PENDING,1,,226
1227,INBOUND,7001,NX005,21,0,0,0,78,89,20,49,Q010,WAIT,1,,227
1228,OUTBOUND,7001,NX005,12,0,0,0,20,49,76,37,Q010,PENDING,1,,228
1229,INBOUND,7001,KH001,21,0,0,0,76,90,9,7,F001,WAIT,1,,229
1230,OUTBOUND,6001,KH001,1,0,0,0,9,7,79,39,F001,PENDING,1,,230
1231,INBOUND,5001,NX004,22,0,0,0,79,80,5,7,B001,WAIT,1,,231
1232,OUTBOUND,5001,NX004,10,0,0,0,5,7,77,41,B001,PENDING,1,,232
1233,INBOUND,7001,NX002,5,0,0,0,79,90,8,17,E003,WAIT,1,,233
1234,OUTBOUND,7001,NX002,7,0,0,0,8,17,79,34,E003,PENDING,1,,234
1235,INBOUND,8001,HK002,2,0,0,0,76,86,15,57,L011,WAIT,1,,235
1236,OUTBOUND,7001,HK002,9,0,0,0,15,57,76,30,L011,PENDING,1,,236
1237,INBOUND,6001,KH005,21,0,0,0,76,80,23,49,T010,WAIT,1,,237
1238,OUTBOUND,5001,KH005,7,0,0,0,23,49,79,37,T010,PENDING,1,,238
1239,INBOUND,5001,KH004,7,0,0,0,79,84,11,9,H002,WAIT,1,,239
1240,OUTBOUND,5001,KH004,8,0,0,0,11,9,77,39,H002,PENDING,1,,240
1241,INBOUND,5001,HK003,19,0,0,0,79,84,5,17,B003,WAIT,1,,241
1242,OUTBOUND,6001,HK003,3,0,0,0,5,17,76,33,B003,PENDING,1,,242
1243,INBOUND,8001,HK001,19,0,0,0,77,82,12,17,I003,WAIT,1,,243
1244,OUTBOUND,5001,HK001,19,0,0,0,12,17,79,29,I003,PENDING,1,,244
1245,INBOUND,5001,NX003,24,0,0,0,78,84,14,57,K011,WAIT,1,,245
1246,OUTBOUND,8001,NX003,9,0,0,0,14,57,77,32,K011,PENDING,1,,246
1247,INBOUND,5001,HK005,8,0,0,0,79,90,7,9,D002,WAIT,1,,247
1248,OUTBOUND,5001,HK005,18,0,0,0,7,9,78,39,D002,PENDING,1,,248
1249,INBOUND,8001,KH002,18,0,0,0,77,87,13,19,J004,WAIT,1,,249
1250,OUTBOUND,7001,KH002,11,0,0,0,13,19,79,37,J004,PENDING,1,,250
1251,INBOUND,7001,NX001,2,0,0,0,77,84,58,85,S005,WAIT,1,,251
1252,OUTBOUND,5001,NX001,15,0,0,0,58,85,77,37,S005,PENDING,1,,252
1253,INBOUND,7001,HK004,2,0,0,0,79,90,23,57,T011,WAIT,1,,253
1254,OUTBOUND,7001,HK004,2,0,0,0,23,57,78,32,T011,PENDING,1,,254
1255,INBOUND,7001,KH003,2,0,0,0,76,87,24,37,U007,WAIT,1,,255
1256,OUTBOUND,7001,KH003,21,0,0,0,24,37,78,28,U007,PENDING,1,,256
1257,INBOUND,5001,NX005,8,0,0,0,79,93,10,39,G008,WAIT,1,,257
1258,OUTBOUND,6001,NX005,8,0,0,0,10,39,77,40,G008,PENDING,1,,258
1259,INBOUND,7001,KH001,12,0,0,0,78,88,10,29,G006,WAIT,1,,259
1260,OUTBOUND,7001,KH001,3,0,0,0,10,29,79,42,G006,PENDING,1,,260
1261,INBOUND,6001,NX004,8,0,0,0,77,87,5,47,B009,WAIT,1,,261
1262,OUTBOUND,7001,NX004,11,0,0,0,5,47,79,29,B009,PENDING,1,,262
1263,INBOUND,6001,NX002,10,0,0,0,76,89,6,59,C012,WAIT,1,,263
1264,OUTBOUND,6001,NX002,7,0,0,0,6,59,79,37,C012,PENDING,1,,264
1265,INBOUND,5001,HK002,12,0,0,0,79,93,23,27,T005,WAIT,1,,265
1266,OUTBOUND,7001,HK002,7,0,0,0,23,27,76,35,T005,PENDING,1,,266
1267,INBOUND,6001,KH005,17,0,0,0,76,91,4,57,A011,WAIT,1,,267
1268,OUTBOUND,7001,KH005,6,0,0,0,4,57,78,33,A011,PENDING,1,,268
1269,INBOUND,6001,KH004,12,0,0,0,78,91,21,9,R002,WAIT,1,,269
1270,OUTBOUND,5001,KH004,6,0,0,0,21,9,76,31,R002,PENDING,1,,270
1271,INBOUND,7001,HK003,10,0,0,0,79,79,17,29,N006,WAIT,1,,271
1272,OUTBOUND,7001,HK003,19,0,0,0,17,29,78,35,N006,PENDING,1,,272
1273,INBOUND,5001,HK001,24,0,0,0,77,91,11,19,H004,WAIT,1,,273
1274,OUTBOUND,6001,HK001,20,0,0,0,11,19,76,37,H004,PENDING,1,,274
1275,INBOUND,8001,NX003,18,0,0,0,78,79,4,37,A007,WAIT,1,,275
1276,OUTBOUND,6001,NX003,2,0,0,0,4,37,76,38,A007,PENDING,1,,276
1277,INBOUND,7001,HK005,9,0,0,0,76,90,7,17,D003,WAIT,1,,277
1278,OUTBOUND,5001,HK005,21,0,0,0,7,17,78,35,D003,PENDING,1,,278
1279,INBOUND,6001,KH002,3,0,0,0,79,83,8,7,E001,WAIT,1,,279
1280,OUTBOUND,8001,KH002,15,0,0,0,8,7,76,41,E001,PENDING,1,,280
1281,INBOUND,7001,NX001,23,0,0,0,78,85,14,17,K003,WAIT,1,,281
1282,OUTBOUND,8001,NX001,2,0,0,0,14,17,76,40,K003,PENDING,1,,282
1283,INBOUND,5001,HK004,15,0,0,0,79,92,19,47,P009,WAIT,1,,283
1284,OUTBOUND,5001,HK004,1,0,0,0,19,47,79,39,P009,PENDING,1,,284
1285,INBOUND,8001,KH003,1,0,0,0,78,88,5,37,B007,WAIT,1,,285
1286,OUTBOUND,5001,KH003,18,0,0,0,5,37,76,34,B007,PENDING,1,,286
1287,INBOUND,8001,NX005,24,0,0,0,78,91,19,39,P008,WAIT,1,,287
1288,OUTBOUND,7001,NX005,23,0,0,0,19,39,79,33,P008,PENDING,1,,288
1289,INBOUND,6001,KH001,13,0,0,0,77,79,18,57,O011,WAIT,1,,289
1290,OUTBOUND,5001,KH001,17,0,0,0,18,57,77,33,O011,PENDING,1,,290
1291,INBOUND,8001,NX004,7,0,0,0,77,79,11,17,H003,WAIT,1,,291
1292,OUTBOUND,8001,NX004,10,0,0,0,11,17,78,28,H003,PENDING,1,,292
1293,INBOUND,5001,NX002,18,0,0,0,77,79,10,19,G004,WAIT,1,,293
1294,OUTBOUND,8001,NX002,14,0,0,0,10,19,77,40,G004,PENDING,1,,294
1295,INBOUND,8001,HK002,12,0,0,0,78,92,10,7,G001,WAIT,1,,295
1296,OUTBOUND,6001,HK002,4,0,0,0,10,7,76,32,G001,PENDING,1,,296
1297,INBOUND,6001,KH005,5,0,0,0,77,79,20,47,Q009,WAIT,1,,297
1298,OUTBOUND,7001,KH005,3,0,0,0,20,47,77,37,Q009,PENDING,1,,298
1299,INBOUND,8001,KH004,3,0,0,0,76,91,13,29,J006,WAIT,1,,299
1300,OUTBOUND,6001,KH004,6,0,0,0,13,29,78,37,J006,PENDING,1,,300
1301,INBOUND,5001,HK003,16,0,0,0,77,89,23,9,T002,WAIT,1,,301
1302,OUTBOUND,5001,HK003,22,0,0,0,23,9,76,41,T002,PENDING,1,,302
1303,INBOUND,6001,HK001,6,0,0,0,77,84,4,7,A001,WAIT,1,,303
1304,OUTBOUND,6001,HK001,7,0,0,0,4,7,76,31,A001,PENDING,1,,304
1305,INBOUND,6001,NX003,13,0,0,0,77,85,19,7,P001,WAIT,1,,305
1306,OUTBOUND,6001,NX003,11,0,0,0,19,7,76,31,P001,PENDING,1,,306
1307,INBOUND,5001,HK005,17,0,0,0,77,84,10,49,G010,WAIT,1,,307
1308,OUTBOUND,5001,HK005,22,0,0,0,10,49,76,28,G010,PENDING,1,,308
1309,INBOUND,8001,KH002,24,0,0,0,77,85,19,9,P002,WAIT,1,,309
1310,OUTBOUND,5001,KH002,8,0,0,0,19,9,77,33,P002,PENDING,1,,310
1311,INBOUND,6001,NX001,13,0,0,0,76,81,15,9,L002,WAIT,1,,311
1312,OUTBOUND,6001,NX001,17,0,0,0,15,9,77,36,L002,PENDING,1,,312
1313,INBOUND,7001,HK004,8,0,0,0,78,82,9,47,F009,WAIT,1,,313
1314,OUTBOUND,8001,HK004,2,0,0,0,9,47,76,33,F009,PENDING,1,,314
1315,INBOUND,6001,KH003,23,0,0,0,76,90,4,27,A005,WAIT,1,,315
1316,OUTBOUND,8001,KH003,9,0,0,0,4,27,76,42,A005,PENDING,1,,316
1317,INBOUND,6001,NX005,10,0,0,0,76,92,59,75,S012,WAIT,1,,317
1318,OUTBOUND,8001,NX005,6,0,0,0,59,75,79,34,S012,PENDING,1,,318
1319,INBOUND,7001,KH001,3,0,0,0,79,79,7,7,D001,WAIT,1,,319
1320,OUTBOUND,8001,KH001,20,0,0,0,7,7,78,35,D001,PENDING,1,,320
1321,INBOUND,6001,NX004,2,0,0,0,77,92,15,7,L001,WAIT,1,,321
1322,OUTBOUND,8001,NX004,1,0,0,0,15,7,77,29,L001,PENDING,1,,322
1323,INBOUND,7001,NX002,24,0,0,0,76,87,11,47,H009,WAIT,1,,323
1324,OUTBOUND,5001,NX002,2,0,0,0,11,47,76,28,H009,PENDING,1,,324
1325,INBOUND,6001,HK002,5,0,0,0,77,90,5,49,B010,WAIT,1,,325
1326,OUTBOUND,7001,HK002,11,0,0,0,5,49,77,42,B010,PENDING,1,,326
1327,INBOUND,8001,KH005,20,0,0,0,77,93,21,29,R006,WAIT,1,,327
1328,OUTBOUND,7001,KH005,7,0,0,0,21,29,78,42,R006,PENDING,1,,328
1329,INBOUND,7001,KH004,10,0,0,0,77,89,13,39,J008,WAIT,1,,329
1330,OUTBOUND,5001,KH004,16,0,0,0,13,39,76,42,J008,PENDING,1,,330
1331,INBOUND,8001,HK003,22,0,0,0,79,83,21,7,R001,WAIT,1,,331
1332,OUTBOUND,7001,HK003,8,0,0,0,21,7,79,28,R001,PENDING,1,,332
1333,INBOUND,6001,HK001,7,0,0,0,79,88,7,59,D012,WAIT,1,,333
1334,OUTBOUND,7001,HK001,20,0,0,0,7,59,79,30,D012,PENDING,1,,334
1335,INBOUND,7001,NX003,24,0,0,0,77,85,21,47,R009,WAIT,1,,335
1336,OUTBOUND,7001,NX003,21,0,0,0,21,47,77,40,R009,PENDING,1,,336
1337,INBOUND,7001,HK005,17,0,0,0,77,86,7,39,D008,WAIT,1,,337
1338,OUTBOUND,5001,HK005,11,0,0,0,7,39,79,37,D008,PENDING,1,,338
1339,INBOUND,7001,KH002,10,0,0,0,79,89,24,49,U010,WAIT,1,,339
1340,OUTBOUND,8001,KH002,2,0,0,0,24,49,79,39,U010,PENDING,1,,340
1341,INBOUND,6001,NX001,12,0,0,0,79,79,8,19,E004,WAIT,1,,341
1342,OUTBOUND,5001,NX001,6,0,0,0,8,19,77,29,E004,PENDING,1,,342
1343,INBOUND,6001,HK004,2,0,0,0,77,91,23,7,T001,WAIT,1,,343
1344,OUTBOUND,6001,HK004,17,0,0,0,23,7,76,36,T001,PENDING,1,,344
1345,INBOUND,6001,KH003,9,0,0,0,78,93,21,27,R005,WAIT,1,,345
1346,OUTBOUND,6001,KH003,3,0,0,0,21,27,79,33,R005,PENDING,1,,346
1347,INBOUND,7001,NX005,6,0,0,0,79,83,19,37,P007,WAIT,1,,347
1348,OUTBOUND,8001,NX005,9,0,0,0,19,37,76,40,P007,PENDING,1,,348
1349,INBOUND,7001,KH001,15,0,0,0,77,90,12,27,I005,WAIT,1,,349
1350,OUTBOUND,5001,KH001,15,0,0,0,12,27,77,40,I005,PENDING,1,,350
1351,INBOUND,8001,NX004,7,0,0,0,77,81,9,49,F010,WAIT,1,,351
1352,OUTBOUND,6001,NX004,23,0,0,0,9,49,78,35,F010,PENDING,1,,352
1353,INBOUND,8001,NX002,21,0,0,0,76,86,13,7,J001,WAIT,1,,353
1354,OUTBOUND,7001,NX002,24,0,0,0,13,7,78,34,J001,PENDING,1,,354
1355,INBOUND,7001,HK002,13,0,0,0,77,89,12,39,I008,WAIT,1,,355
1356,OUTBOUND,8001,HK002,21,0,0,0,12,39,79,32,I008,PENDING,1,,356
1357,INBOUND,6001,KH005,13,0,0,0,76,92,10,9,G002,WAIT,1,,357
1358,OUTBOUND,5001,KH005,13,0,0,0,10,9,77,37,G002,PENDING,1,,358
1359,INBOUND,5001,KH004,17,0,0,0,77,83,10,17,G003,WAIT,1,,359
1360,OUTBOUND,5001,KH004,20,0,0,0,10,17,76,41,G003,PENDING,1,,360
1361,INBOUND,8001,HK003,24,0,0,0,76,93,9,19,F004,WAIT,1,,361
1362,OUTBOUND,5001,HK003,10,0,0,0,9,19,78,34,F004,PENDING,1,,362
1363,INBOUND,5001,HK001,3,0,0,0,76,88,16,37,M007,WAIT,1,,363
1364,OUTBOUND,8001,HK001,10,0,0,0,16,37,76,41,M007,PENDING,1,,364
1365,INBOUND,7001,NX003,18,0,0,0,78,93,16,39,M008,WAIT,1,,365
1366,OUTBOUND,8001,NX003,8,0,0,0,16,39,77,35,M008,PENDING,1,,366
1367,INBOUND,8001,HK005,12,0,0,0,78,81,21,39,R008,WAIT,1,,367
1368,OUTBOUND,8001,HK005,14,0,0,0,21,39,76,34,R008,PENDING,1,,368
1369,INBOUND,8001,KH002,20,0,0,0,76,80,13,27,J005,WAIT,1,,369
1370,OUTBOUND,8001,KH002,19,0,0,0,13,27,78,38,J005,PENDING,1,,370
1371,INBOUND,8001,NX001,2,0,0,0,77,82,18,17,O003,WAIT,1,,371
1372,OUTBOUND,5001,NX001,19,0,0,0,18,17,76,42,O003,PENDING,1,,372
1373,INBOUND,7001,HK004,12,0,0,0,78,88,13,9,J002,WAIT,1,,373
1374,OUTBOUND,5001,HK004,2,0,0,0,13,9,76,31,J002,PENDING,1,,374
1375,INBOUND,7001,KH003,6,0,0,0,78,80,58,35,S002,WAIT,1,,375
1376,OUTBOUND,6001,KH003,1,0,0,0,58,35,77,33,S002,PENDING,1,,376
1377,INBOUND,6001,NX005,2,0,0,0,76,87,17,37,N007,WAIT,1,,377
1378,OUTBOUND,5001,NX005,7,0,0,0,17,37,76,41,N007,PENDING,1,,378
1379,INBOUND,7001,KH001,18,0,0,0,76,85,14,29,K006,WAIT,1,,379
1380,OUTBOUND,5001,KH001,19,0,0,0,14,29,79,31,K006,PENDING,1,,380
1381,INBOUND,7001,NX004,23,0,0,0,78,84,12,49,I010,WAIT,1,,381
1382,OUTBOUND,8001,NX004,19,0,0,0,12,49,78,40,I010,PENDING,1,,382
1383,INBOUND,8001,NX002,6,0,0,0,77,79,58,25,S001,WAIT,1,,383
1384,OUTBOUND,7001,NX002,20,0,0,0,58,25,79,40,S001,PENDING,1,,384
1385,INBOUND,6001,HK002,1,0,0,0,76,87,16,19,M004,WAIT,1,,385
1386,OUTBOUND,8001,HK002,18,0,0,0,16,19,76,31,M004,PENDING,1,,386
1387,INBOUND,6001,KH005,12,0,0,0,78,87,21,49,R010,WAIT,1,,387
1388,OUTBOUND,6001,KH005,19,0,0,0,21,49,77,29,R010,PENDING,1,,388
1389,INBOUND,7001,KH004,21,0,0,0,77,93,13,37,J007,WAIT,1,,389
1390,OUTBOUND,6001,KH004,13,0,0,0,13,37,76,33,J007,PENDING,1,,390
1391,INBOUND,8001,HK003,12,0,0,0,76,81,5,39,B008,WAIT,1,,391
1392,OUTBOUND,8001,HK003,8,0,0,0,5,39,79,42,B008,PENDING,1,,392
1393,INBOUND,8001,HK001,20,0,0,0,78,87,20,17,Q003,WAIT,1,,393
1394,OUTBOUND,8001,HK001,22,0,0,0,20,17,79,35,Q003,PENDING,1,,394
1395,INBOUND,5001,NX003,3,0,0,0,79,82,24,47,U009,WAIT,1,,395
1396,OUTBOUND,6001,NX003,23,0,0,0,24,47,79,32,U009,PENDING,1,,396
1397,INBOUND,8001,HK005,1,0,0,0,77,83,6,7,C001,WAIT,1,,397
1398,OUTBOUND,7001,HK005,22,0,0,0,6,7,78,35,C001,PENDING,1,,398
1399,INBOUND,5001,KH002,22,0,0,0,76,87,58,45,S003,WAIT,1,,399
1400,OUTBOUND,6001,KH002,2,0,0,0,58,45,78,32,S003,PENDING,1,,400
1401,INBOUND,7001,NX001,18,0,0,0,78,87,17,49,N010,WAIT,1,,401
1402,OUTBOUND,5001,NX001,14,0,0,0,17,49,76,33,N010,PENDING,1,,402
1403,INBOUND,5001,HK004,2,0,0,0,79,86,6,19,C004,WAIT,1,,403
1404,OUTBOUND,7001,HK004,6,0,0,0,6,19,77,31,C004,PENDING,1,,404
1405,INBOUND,8001,KH003,9,0,0,0,77,79,14,47,K009,WAIT,1,,405
1406,OUTBOUND,5001,KH003,23,0,0,0,14,47,77,29,K009,PENDING,1,,406
1407,INBOUND,8001,NX005,7,0,0,0,78,89,19,59,P012,WAIT,1,,407
1408,OUTBOUND,5001,NX005,20,0,0,0,19,59,76,28,P012,PENDING,1,,408
1409,INBOUND,5001,KH001,22,0,0,0,77,79,16,47,M009,WAIT,1,,409
1410,OUTBOUND,8001,KH001,10,0,0,0,16,47,76,38,M009,PENDING,1,,410
1411,INBOUND,5001,NX004,15,0,0,0,78,80,20,7,Q001,WAIT,1,,411
1412,OUTBOUND,7001,NX004,14,0,0,0,20,7,79,31,Q001,PENDING,1,,412
1413,INBOUND,7001,NX002,15,0,0,0,78,84,20,19,Q004,WAIT,1,,413
1414,OUTBOUND,8001,NX002,12,0,0,0,20,19,77,42,Q004,PENDING,1,,414
1415,INBOUND,5001,HK002,18,0,0,0,77,82,12,9,I002,WAIT,1,,415
1416,OUTBOUND,5001,HK002,16,0,0,0,12,9,76,31,I002,PENDING,1,,416
1417,INBOUND,8001,KH005,4,0,0,0,78,86,12,19,I004,WAIT,1,,417
1418,OUTBOUND,6001,KH005,21,0,0,0,12,19,76,37,I004,PENDING,1,,418
1419,INBOUND,7001,KH004,12,0,0,0,79,90,20,27,Q005,WAIT,1,,419
1420,OUTBOUND,5001,KH004,24,0,0,0,20,27,78,41,Q005,PENDING,1,,420
1421,INBOUND,8001,HK003,10,0,0,0,77,84,4,17,A003,WAIT,1,,421
1422,OUTBOUND,5001,HK003,8,0,0,0,4,17,76,41,A003,PENDING,1,,422
1423,INBOUND,8001,HK001,13,0,0,0,76,85,4,9,A002,WAIT,1,,423
1424,OUTBOUND,5001,HK001,12,0,0,0,4,9,77,38,A002,PENDING,1,,424
1425,INBOUND,5001,NX003,24,0,0,0,76,88,9,9,F002,WAIT,1,,425
1426,OUTBOUND,5001,NX003,18,0,0,0,9,9,78,32,F002,PENDING,1,,426
1427,INBOUND,6001,HK005,8,0,0,0,79,88,6,37,C007,WAIT,1,,427
1428,OUTBOUND,7001,HK005,15,0,0,0,6,37,77,28,C007,PENDING,1,,428
1429,INBOUND,8001,KH002,19,0,0,0,78,86,5,27,B005,WAIT,1,,429
1430,OUTBOUND,5001,KH002,2,0,0,0,5,27,79,40,B005,PENDING,1,,430
1431,INBOUND,6001,NX001,21,0,0,0,78,92,4,47,A009,WAIT,1,,431
1432,OUTBOUND,8001,NX001,4,0,0,0,4,47,79,30,A009,PENDING,1,,432
1433,INBOUND,7001,HK004,4,0,0,0,76,80,9,27,F005,WAIT,1,,433
1434,OUTBOUND,5001,HK004,6,0,0,0,9,27,78,33,F005,PENDING,1,,434
1435,INBOUND,8001,KH003,12,0,0,0,79,80,18,37,O007,WAIT,1,,435
1436,OUTBOUND,5001,KH003,1,0,0,0,18,37,79,39,O007,PENDING,1,,436
1437,INBOUND,7001,NX005,22,0,0,0,77,92,20,37,Q007,WAIT,1,,437
1438,OUTBOUND,8001,NX005,13,0,0,0,20,37,78,33,Q007,PENDING,1,,438
1439,INBOUND,5001,KH001,14,0,0,0,79,84,24,7,U001,WAIT,1,,439
1440,OUTBOUND,5001,KH001,11,0,0,0,24,7,78,33,U001,PENDING,1,,440
1441,INBOUND,7001,NX004,14,0,0,0,78,82,8,39,E008,WAIT,1,,441
1442,OUTBOUND,7001,NX004,23,0,0,0,8,39,78,37,E008,PENDING,1,,442
1443,INBOUND,5001,NX002,19,0,0,0,76,83,58,94,S006,WAIT,1,,443
1444,OUTBOUND,6001,NX002,6,0,0,0,58,94,76,33,S006,PENDING,1,,444
1445,INBOUND,8001,HK002,14,0,0,0,77,87,18,9,O002,WAIT,1,,445
1446,OUTBOUND,8001,HK002,19,0,0,0,18,9,76,34,O002,PENDING,1,,446
1447,INBOUND,5001,KH005,18,0,0,0,77,87,19,19,P004,WAIT,1,,447
1448,OUTBOUND,8001,KH005,5,0,0,0,19,19,78,30,P004,PENDING,1,,448
1449,INBOUND,8001,KH004,21,0,0,0,77,81,11,39,H008,WAIT,1,,449
1450,OUTBOUND,7001,KH004,19,0,0,0,11,39,76,42,H008,PENDING,1,,450
1451,INBOUND,5001,HK003,5,0,0,0,77,92,23,37,T007,WAIT,1,,451
1452,OUTBOUND,8001,HK003,19,0,0,0,23,37,77,37,T007,PENDING,1,,452
1453,INBOUND,8001,HK001,8,0,0,0,79,90,15,49,L010,WAIT,1,,453
1454,OUTBOUND,8001,HK001,10,0,0,0,15,49,77,38,L010,PENDING,1,,454
1455,INBOUND,7001,NX003,3,0,0,0,78,81,14,59,K012,WAIT,1,,455
1456,OUTBOUND,7001,NX003,17,0,0,0,14,59,76,29,K012,PENDING,1,,456
1457,INBOUND,5001,HK005,24,0,0,0,76,87,17,57,N011,WAIT,1,,457
1458,OUTBOUND,5001,HK005,22,0,0,0,17,57,76,32,N011,PENDING,1,,458
1459,INBOUND,5001,KH002,24,0,0,0,78,82,18,27,O005,WAIT,1,,459
1460,OUTBOUND,7001,KH002,12,0,0,0,18,27,79,32,O005,PENDING,1,,460
1461,INBOUND,7001,NX001,11,0,0,0,76,85,10,27,G005,WAIT,1,,461
1462,OUTBOUND,8001,NX001,9,0,0,0,10,27,76,35,G005,PENDING,1,,462
1463,INBOUND,5001,HK004,8,0,0,0,77,89,11,7,H001,WAIT,1,,463
1464,OUTBOUND,8001,HK004,5,0,0,0,11,7,78,39,H001,PENDING,1,,464
1465,INBOUND,7001,KH003,5,0,0,0,78,85,4,59,A012,WAIT,1,,465
1466,OUTBOUND,6001,KH003,6,0,0,0,4,59,79,33,A012,PENDING,1,,466
1467,INBOUND,8001,NX005,19,0,0,0,79,92,15,27,L005,WAIT,1,,467
1468,OUTBOUND,5001,NX005,13,0,0,0,15,27,76,39,L005,PENDING,1,,468
1469,INBOUND,7001,KH001,20,0,0,0,77,89,10,37,G007,WAIT,1,,469
1470,OUTBOUND,7001,KH001,18,0,0,0,10,37,79,35,G007,PENDING,1,,470
1471,INBOUND,8001,NX004,3,0,0,0,76,88,17,47,N009,WAIT,1,,471
1472,OUTBOUND,5001,NX004,15,0,0,0,17,47,78,31,N009,PENDING,1,,472
1473,INBOUND,6001,NX002,9,0,0,0,79,93,24,9,U002,WAIT,1,,473
1474,OUTBOUND,7001,NX002,2,0,0,0,24,9,77,38,U002,PENDING,1,,474
1475,INBOUND,7001,HK002,10,0,0,0,78,93,24,59,U012,WAIT,1,,475
1476,OUTBOUND,8001,HK002,11,0,0,0,24,59,77,35,U012,PENDING,1,,476
1477,INBOUND,7001,KH005,23,0,0,0,76,79,8,27,E005,WAIT,1,,477
1478,OUTBOUND,8001,KH005,24,0,0,0,8,27,76,29,E005,PENDING,1,,478
1479,INBOUND,8001,KH004,10,0,0,0,77,87,5,57,B011,WAIT,1,,479
1480,OUTBOUND,5001,KH004,2,0,0,0,5,57,76,38,B011,PENDING,1,,480
1481,INBOUND,8001,HK003,5,0,0,0,76,79,10,57,G011,WAIT,1,,481
1482,OUTBOUND,8001,HK003,15,0,0,0,10,57,79,42,G011,PENDING,1,,482
1483,INBOUND,5001,HK001,18,0,0,0,79,90,4,39,A008,WAIT,1,,483
1484,OUTBOUND,5001,HK001,4,0,0,0,4,39,78,30,A008,PENDING,1,,484
1485,INBOUND,8001,NX003,22,0,0,0,77,93,8,37,E007,WAIT,1,,485
1486,OUTBOUND,6001,NX003,20,0,0,0,8,37,79,38,E007,PENDING,1,,486
1487,INBOUND,8001,HK005,20,0,0,0,78,87,11,57,H011,WAIT,1,,487
1488,OUTBOUND,6001,HK005,2,0,0,0,11,57,79,32,H011,PENDING,1,,488
1489,INBOUND,8001,KH002,19,0,0,0,79,89,18,39,O008,WAIT,1,,489
1490,OUTBOUND,5001,KH002,6,0,0,0,18,39,79,35,O008,PENDING,1,,490
1491,INBOUND,7001,NX001,19,0,0,0,79,91,9,39,F008,WAIT,1,,491
1492,OUTBOUND,5001,NX001,3,0,0,0,9,39,76,36,F008,PENDING,1,,492
1493,INBOUND,6001,HK004,13,0,0,0,77,82,9,37,F007,WAIT,1,,493
1494,OUTBOUND,8001,HK004,13,0,0,0,9,37,79,32,F007,PENDING,1,,494
1495,INBOUND,8001,KH003,5,0,0,0,77,92,7,27,D005,WAIT,1,,495
1496,OUTBOUND,7001,KH003,12,0,0,0,7,27,76,34,D005,PENDING,1,,496
1497,INBOUND,5001,NX005,12,0,0,0,79,92,7,19,D004,WAIT,1,,497
1498,OUTBOUND,8001,NX005,18,0,0,0,7,19,76,40,D004,PENDING,1,,498
1499,INBOUND,6001,KH001,8,0,0,0,76,79,7,49,D010,WAIT,1,,499
1500,OUTBOUND,5001,KH001,9,0,0,0,7,49,78,40,D010,PENDING,1,,500
1501,INBOUND,5001,NX004,24,0,0,0,76,79,19,57,P011,WAIT,1,,501
1502,OUTBOUND,5001,NX004,12,0,0,0,19,57,79,34,P011,PENDING,1,,502
1503,INBOUND,5001,NX002,16,0,0,0,78,83,19,49,P010,WAIT,1,,503
1504,OUTBOUND,7001,NX002,7,0,0,0,19,49,77,37,P010,PENDING,1,,504
1505,INBOUND,5001,HK002,16,0,0,0,76,86,7,47,D009,WAIT,1,,505
1506,OUTBOUND,6001,HK002,13,0,0,0,7,47,77,39,D009,PENDING,1,,506
1507,INBOUND,6001,KH005,7,0,0,0,77,85,8,49,E010,WAIT,1,,507
1508,OUTBOUND,8001,KH005,24,0,0,0,8,49,79,32,E010,PENDING,1,,508
1509,INBOUND,8001,KH004,9,0,0,0,78,83,14,27,K005,WAIT,1,,509
1510,OUTBOUND,8001,KH004,13,0,0,0,14,27,77,41,K005,PENDING,1,,510
1511,INBOUND,6001,HK003,5,0,0,0,77,83,5,19,B004,WAIT,1,,511
1512,OUTBOUND,7001,HK003,2,0,0,0,5,19,79,29,B004,PENDING,1,,512
1513,INBOUND,8001,HK001,4,0,0,0,79,81,12,29,I006,WAIT,1,,513
1514,OUTBOUND,8001,HK001,7,0,0,0,12,29,76,31,I006,PENDING,1,,514
1515,INBOUND,8001,NX003,23,0,0,0,76,84,10,59,G012,WAIT,1,,515
1516,OUTBOUND,8001,NX003,20,0,0,0,10,59,77,30,G012,PENDING,1,,516
1517,INBOUND,8001,HK005,14,0,0,0,79,92,16,59,M012,WAIT,1,,517
1518,OUTBOUND,5001,HK005,12,0,0,0,16,59,76,38,M012,PENDING,1,,518
1519,INBOUND,6001,KH002,2,0,0,0,78,93,58,75,S004,WAIT,1,,519
1520,OUTBOUND,6001,KH002,3,0,0,0,58,75,76,32,S004,PENDING,1,,520
1521,INBOUND,7001,NX001,8,0,0,0,79,79,6,17,C003,WAIT,1,,521
1522,OUTBOUND,8001,NX001,16,0,0,0,6,17,79,41,C003,PENDING,1,,522
1523,INBOUND,8001,HK004,18,0,0,0,76,79,21,57,R011,WAIT,1,,523
1524,OUTBOUND,7001,HK004,12,0,0,0,21,57,76,37,R011,PENDING,1,,524
1525,INBOUND,6001,KH003,3,0,0,0,77,83,13,17,J003,WAIT,1,,525
1526,OUTBOUND,5001,KH003,11,0,0,0,13,17,77,29,J003,PENDING,1,,526
1527,INBOUND,7001,NX005,5,0,0,0,79,79,23,39,T008,WAIT,1,,527
1528,OUTBOUND,7001,NX005,1,0,0,0,23,39,79,40,T008,PENDING,1,,528
1529,INBOUND,7001,KH001,1,0,0,0,77,90,15,47,L009,WAIT,1,,529
1530,OUTBOUND,7001,KH001,11,0,0,0,15,47,78,28,L009,PENDING,1,,530
1531,INBOUND,7001,NX004,10,0,0,0,78,80,17,9,N002,WAIT,1,,531
1532,OUTBOUND,6001,NX004,10,0,0,0,17,9,79,36,N002,PENDING,1,,532
1533,INBOUND,8001,NX002,10,0,0,0,79,89,9,59,F012,WAIT,1,,533
1534,OUTBOUND,8001,NX002,15,0,0,0,9,59,77,40,F012,PENDING,1,,534
1535,INBOUND,5001,HK002,13,0,0,0,76,81,21,17,R003,WAIT,1,,535
1536,OUTBOUND,7001,HK002,6,0,0,0,21,17,76,31,R003,PENDING,1,,536
1537,INBOUND,5001,KH005,22,0,0,0,77,92,6,47,C009,WAIT,1,,537
1538,OUTBOUND,5001,KH005,3,0,0,0,6,47,77,38,C009,PENDING,1,,538
1539,INBOUND,6001,KH004,4,0,0,0,79,86,20,57,Q011,WAIT,1,,539
1540,OUTBOUND,7001,KH004,18,0,0,0,20,57,78,41,Q011,PENDING,1,,540
1541,INBOUND,6001,HK003,1,0,0,0,77,79,18,49,O010,WAIT,1,,541
1542,OUTBOUND,6001,HK003,8,0,0,0,18,49,78,36,O010,PENDING,1,,542
1543,INBOUND,8001,HK001,1,0,0,0,78,80,6,27,C005,WAIT,1,,543
1544,OUTBOUND,7001,HK001,11,0,0,0,6,27,79,28,C005,PENDING,1,,544
1545,INBOUND,8001,NX003,7,0,0,0,78,86,11,49,H010,WAIT,1,,545
1546,OUTBOUND,6001,NX003,9,0,0,0,11,49,77,35,H010,PENDING,1,,546
1547,INBOUND,6001,HK005,7,0,0,0,77,89,19,17,P003,WAIT,1,,547
1548,OUTBOUND,5001,HK005,5,0,0,0,19,17,78,41,P003,PENDING,1,,548
1549,INBOUND,7001,KH002,2,0,0,0,79,83,24,19,U004,WAIT,1,,549
1550,OUTBOUND,6001,KH002,9,0,0,0,24,19,76,32,U004,PENDING,1,,550
1551,INBOUND,5001,NX001,3,0,0,0,76,85,21,59,R012,WAIT,1,,551
1552,OUTBOUND,5001,NX001,22,0,0,0,21,59,76,32,R012,PENDING,1,,552
1553,INBOUND,8001,HK004,10,0,0,0,79,80,13,57,J011,WAIT,1,,553
1554,OUTBOUND,7001,HK004,23,0,0,0,13,57,79,42,J011,PENDING,1,,554
1555,INBOUND,5001,KH003,17,0,0,0,79,92,18,47,O009,WAIT,1,,555
1556,OUTBOUND,7001,KH003,13,0,0,0,18,47,78,39,O009,PENDING,1,,556
1557,INBOUND,5001,NX005,19,0,0,0,79,88,6,9,C002,WAIT,1,,557
1558,OUTBOUND,6001,NX005,6,0,0,0,6,9,78,40,C002,PENDING,1,,558
1559,INBOUND,8001,KH001,1,0,0,0,78,86,17,19,N004,WAIT,1,,559
1560,OUTBOUND,6001,KH001,23,0,0,0,17,19,78,31,N004,PENDING,1,,560
1561,INBOUND,6001,NX004,19,0,0,0,78,93,17,39,N008,WAIT,1,,561
1562,OUTBOUND,6001,NX004,5,0,0,0,17,39,79,33,N008,PENDING,1,,562
1563,INBOUND,5001,NX002,14,0,0,0,76,90,15,37,L007,WAIT,1,,563
1564,OUTBOUND,6001,NX002,6,0,0,0,15,37,79,28,L007,PENDING,1,,564
1565,INBOUND,5001,HK002,16,0,0,0,77,81,12,7,I001,WAIT,1,,565
1566,OUTBOUND,8001,HK002,7,0,0,0,12,7,78,35,I001,PENDING,1,,566
1567,INBOUND,5001,KH005,16,0,0,0,76,80,10,47,G009,WAIT,1,,567
1568,OUTBOUND,5001,KH005,7,0,0,0,10,47,76,31,G009,PENDING,1,,568
1569,INBOUND,5001,KH004,8,0,0,0,76,91,6,57,C011,WAIT,1,,569
1570,OUTBOUND,7001,KH004,3,0,0,0,6,57,77,39,C011,PENDING,1,,570
1571,INBOUND,5001,HK003,14,0,0,0,78,85,17,59,N012,WAIT,1,,571
1572,OUTBOUND,7001,HK003,13,0,0,0,17,59,76,38,N012,PENDING,1,,572
1573,INBOUND,6001,HK001,22,0,0,0,79,91,20,9,Q002,WAIT,1,,573
1574,OUTBOUND,5001,HK001,7,0,0,0,20,9,78,40,Q002,PENDING,1,,574
1575,INBOUND,8001,NX003,9,0,0,0,78,93,22,39,S008,WAIT,1,,575
1576,OUTBOUND,7001,NX003,4,0,0,0,22,39,79,32,S008,PENDING,1,,576
1577,INBOUND,6001,HK005,24,0,0,0,77,85,16,7,M001,WAIT,1,,577
1578,OUTBOUND,6001,HK005,19,0,0,0,16,7,76,36,M001,PENDING,1,,578
1579,INBOUND,8001,KH002,18,0,0,0,79,92,16,57,M011,WAIT,1,,579
1580,OUTBOUND,5001,KH002,11,0,0,0,16,57,78,28,M011,PENDING,1,,580
1581,INBOUND,7001,NX001,16,0,0,0,79,89,11,59,H012,WAIT,1,,581
1582,OUTBOUND,6001,NX001,3,0,0,0,11,59,76,32,H012,PENDING,1,,582
1583,INBOUND,5001,HK004,18,0,0,0,78,82,21,19,R004,WAIT,1,,583
1584,OUTBOUND,8001,HK004,13,0,0,0,21,19,78,34,R004,PENDING,1,,584
1585,INBOUND,5001,KH003,19,0,0,0,78,89,24,29,U006,WAIT,1,,585
1586,OUTBOUND,5001,KH003,17,0,0,0,24,29,76,38,U006,PENDING,1,,586
1587,INBOUND,5001,NX005,22,0,0,0,76,79,24,27,U005,WAIT,1,,587
1588,OUTBOUND,6001,NX005,23,0,0,0,24,27,77,29,U005,PENDING,1,,588
1589,INBOUND,7001,KH001,1,0,0,0,77,83,14,7,K001,WAIT,1,,589
1590,OUTBOUND,8001,KH001,15,0,0,0,14,7,76,39,K001,PENDING,1,,590
1591,INBOUND,5001,NX004,4,0,0,0,76,89,8,9,E002,WAIT,1,,591
1592,OUTBOUND,5001,NX004,15,0,0,0,8,9,78,35,E002,PENDING,1,,592
1593,INBOUND,6001,NX002,9,0,0,0,78,91,59,25,S009,WAIT,1,,593
1594,OUTBOUND,8001,NX002,10,0,0,0,59,25,76,40,S009,PENDING,1,,594
1595,INBOUND,8001,HK002,10,0,0,0,78,83,5,9,B002,WAIT,1,,595
1596,OUTBOUND,6001,HK002,7,0,0,0,5,9,78,29,B002,PENDING,1,,596
1597,INBOUND,6001,KH005,14,0,0,0,79,84,7,37,D007,WAIT,1,,597
1598,OUTBOUND,7001,KH005,11,0,0,0,7,37,76,39,D007,PENDING,1,,598
1599,INBOUND,7001,KH004,17,0,0,0,78,93,20,39,Q008,WAIT,1,,599
1600,OUTBOUND,8001,KH004,7,0,0,0,20,39,77,42,Q008,PENDING,1,,600
1601,INBOUND,5001,HK003,13,0,0,0,78,92,17,27,N005,WAIT,1,,601
1602,OUTBOUND,6001,HK003,23,0,0,0,17,27,78,35,N005,PENDING,1,,602
1603,INBOUND,5001,HK001,18,0,0,0,77,92,7,57,D011,WAIT,1,,603
1604,OUTBOUND,7001,HK001,10,0,0,0,7,57,78,41,D011,PENDING,1,,604
1605,INBOUND,6001,NX003,5,0,0,0,77,91,18,19,O004,WAIT,1,,605
1606,OUTBOUND,8001,NX003,19,0,0,0,18,19,79,29,O004,PENDING,1,,606
1607,INBOUND,6001,HK005,7,0,0,0,77,80,59,35,S010,WAIT,1,,607
1608,OUTBOUND,7001,HK005,3,0,0,0,59,35,79,37,S010,PENDING,1,,608
1609,INBOUND,8001,KH002,23,0,0,0,78,89,18,59,O012,WAIT,1,,609
1610,OUTBOUND,5001,KH002,12,0,0,0,18,59,77,37,O012,PENDING,1,,610
1611,INBOUND,6001,NX001,15,0,0,0,76,92,11,37,H007,WAIT,1,,611
1612,OUTBOUND,6001,NX001,5,0,0,0,11,37,77,42,H007,PENDING,1,,612
1613,INBOUND,8001,HK004,7,0,0,0,79,89,16,49,M010,WAIT,1,,613
1614,OUTBOUND,6001,HK004,5,0,0,0,16,49,79,29,M010,PENDING,1,,614
1615,INBOUND,8001,KH003,21,0,0,0,76,82,23,19,T004,WAIT,1,,615
1616,OUTBOUND,7001,KH003,14,0,0,0,23,19,76,30,T004,PENDING,1,,616
1617,INBOUND,7001,NX005,15,0,0,0,78,93,9,57,F011,WAIT,1,,617
1618,OUTBOUND,6001,NX005,21,0,0,0,9,57,78,37,F011,PENDING,1,,618
1619,INBOUND,8001,KH001,12,0,0,0,76,92,18,29,O006,WAIT,1,,619
1620,OUTBOUND,7001,KH001,22,0,0,0,18,29,78,39,O006,PENDING,1,,620
1621,INBOUND,6001,NX004,2,0,0,0,77,89,16,27,M005,WAIT,1,,621
1622,OUTBOUND,7001,NX004,19,0,0,0,16,27,76,37,M005,PENDING,1,,622
1623,INBOUND,8001,NX002,13,0,0,0,79,81,15,29,L006,WAIT,1,,623
1624,OUTBOUND,8001,NX002,13,0,0,0,15,29,79,33,L006,PENDING,1,,624
1625,INBOUND,8001,HK002,20,0,0,0,78,84,22,37,S007,WAIT,1,,625
1626,OUTBOUND,8001,HK002,15,0,0,0,22,37,77,38,S007,PENDING,1,,626
1627,INBOUND,5001,KH005,13,0,0,0,77,90,18,7,O001,WAIT,1,,627
1628,OUTBOUND,8001,KH005,19,0,0,0,18,7,79,31,O001,PENDING,1,,628
1629,INBOUND,7001,KH004,8,0,0,0,77,93,23,29,T006,WAIT,1,,629
1630,OUTBOUND,6001,KH004,4,0,0,0,23,29,78,40,T006,PENDING,1,,630
1631,INBOUND,7001,HK003,16,0,0,0,79,88,7,29,D006,WAIT,1,,631
1632,OUTBOUND,6001,HK003,6,0,0,0,7,29,76,37,D006,PENDING,1,,632
1633,INBOUND,8001,HK001,22,0,0,0,79,85,11,27,H005,WAIT,1,,633
1634,OUTBOUND,8001,HK001,19,0,0,0,11,27,76,28,H005,PENDING,1,,634
1635,INBOUND,5001,NX003,6,0,0,0,76,93,13,49,J010,WAIT,1,,635
1636,OUTBOUND,5001,NX003,3,0,0,0,13,49,77,41,J010,PENDING,1,,636
1637,INBOUND,7001,HK005,22,0,0,0,77,82,14,37,K007,WAIT,1,,637
1638,OUTBOUND,5001,HK005,18,0,0,0,14,37,76,42,K007,PENDING,1,,638
1639,INBOUND,7001,KH002,20,0,0,0,78,79,8,29,E006,WAIT,1,,639
1640,OUTBOUND,5001,KH002,8,0,0,0,8,29,79,42,E006,PENDING,1,,640
1641,INBOUND,6001,NX001,1,0,0,0,76,84,14,39,K008,WAIT,1,,641
1642,OUTBOUND,8001,NX001,19,0,0,0,14,39,78,35,K008,PENDING,1,,642
1643,INBOUND,7001,HK004,1,0,0,0,79,86,5,29,B006,WAIT,1,,643
1644,OUTBOUND,6001,HK004,5,0,0,0,5,29,77,32,B006,PENDING,1,,644
1645,INBOUND,8001,KH003,19,0,0,0,78,92,23,59,T012,WAIT,1,,645
1646,OUTBOUND,8001,KH003,16,0,0,0,23,59,76,29,T012,PENDING,1,,646
1647,INBOUND,5001,NX005,20,0,0,0,78,80,12,59,I012,WAIT,1,,647
1648,OUTBOUND,7001,NX005,9,0,0,0,12,59,76,35,I012,PENDING,1,,648
1649,INBOUND,6001,KH001,24,0,0,0,77,79,6,49,C010,WAIT,1,,649
1650,OUTBOUND,8001,KH001,4,0,0,0,6,49,78,35,C010,PENDING,1,,650
1651,INBOUND,8001,NX004,8,0,0,0,78,93,6,39,C008,WAIT,1,,651
1652,OUTBOUND,7001,NX004,14,0,0,0,6,39,78,39,C008,PENDING,1,,652
1653,INBOUND,5001,NX002,8,0,0,0,76,87,15,19,L004,WAIT,1,,653
1654,OUTBOUND,6001,NX002,9,0,0,0,15,19,79,29,L004,PENDING,1,,654
1655,INBOUND,5001,HK002,19,0,0,0,79,79,12,47,I009,WAIT,1,,655
1656,OUTBOUND,6001,HK002,17,0,0,0,12,47,78,35,I009,PENDING,1,,656
1657,INBOUND,5001,KH005,5,0,0,0,79,87,15,59,L012,WAIT,1,,657
1658,OUTBOUND,8001,KH005,1,0,0,0,15,59,77,31,L012,PENDING,1,,658
1659,INBOUND,7001,KH004,2,0,0,0,78,86,13,47,J009,WAIT,1,,659
1660,OUTBOUND,7001,KH004,21,0,0,0,13,47,76,28,J009,PENDING,1,,660
1661,INBOUND,5001,HK003,18,0,0,0,76,80,17,17,N003,WAIT,1,,661
1662,OUTBOUND,7001,HK003,11,0,0,0,17,17,78,31,N003,PENDING,1,,662
1663,INBOUND,5001,HK001,15,0,0,0,79,79,15,39,L008,WAIT,1,,663
1664,OUTBOUND,8001,HK001,11,0,0,0,15,39,78,32,L008,PENDING,1,,664
1665,INBOUND,7001,NX003,14,0,0,0,78,81,4,29,A006,WAIT,1,,665
1666,OUTBOUND,5001,NX003,22,0,0,0,4,29,79,35,A006,PENDING,1,,666
1667,INBOUND,5001,HK005,14,0,0,0,77,83,20,29,Q006,WAIT,1,,667
1668,OUTBOUND,8001,HK005,24,0,0,0,20,29,78,42,Q006,PENDING,1,,668
1669,INBOUND,7001,KH002,8,0,0,0,76,80,24,17,U003,WAIT,1,,669
1670,OUTBOUND,7001,KH002,18,0,0,0,24,17,77,30,U003,PENDING,1,,670
1671,INBOUND,5001,NX001,23,0,0,0,77,87,16,29,M006,WAIT,1,,671
1672,OUTBOUND,8001,NX001,14,0,0,0,16,29,78,39,M006,PENDING,1,,672
1673,INBOUND,6001,HK004,24,0,0,0,77,85,21,37,R007,WAIT,1,,673
1674,OUTBOUND,7001,HK004,3,0,0,0,21,37,79,38,R007,PENDING,1,,674
1675,INBOUND,5001,KH003,23,0,0,0,77,93,16,17,M003,WAIT,1,,675
1676,OUTBOUND,7001,KH003,5,0,0,0,16,17,77,32,M003,PENDING,1,,676
1677,INBOUND,6001,NX005,9,0,0,0,78,87,16,9,M002,WAIT,1,,677
1678,OUTBOUND,6001,NX005,12,0,0,0,16,9,77,29,M002,PENDING,1,,678
1679,INBOUND,7001,KH001,20,0,0,0,77,81,15,17,L003,WAIT,1,,679
1680,OUTBOUND,5001,KH001,9,0,0,0,15,17,77,30,L003,PENDING,1,,680
1681,INBOUND,6001,NX004,10,0,0,0,78,82,6,29,C006,WAIT,1,,681
1682,OUTBOUND,7001,NX004,5,0,0,0,6,29,78,38,C006,PENDING,1,,682
1683,INBOUND,5001,NX002,6,0,0,0,79,93,14,9,K002,WAIT,1,,683
1684,OUTBOUND,8001,NX002,6,0,0,0,14,9,79,31,K002,PENDING,1,,684
1685,INBOUND,7001,HK002,16,0,0,0,76,83,17,7,N001,WAIT,1,,685
1686,OUTBOUND,6001,HK002,13,0,0,0,17,7,79,32,N001,PENDING,1,,686
1687,INBOUND,6001,KH005,3,0,0,0,79,81,19,27,P005,WAIT,1,,687
1688,OUTBOUND,8001,KH005,17,0,0,0,19,27,76,28,P005,PENDING,1,,688
1689,INBOUND,6001,KH004,18,0,0,0,77,90,4,19,A004,WAIT,1,,689
1690,OUTBOUND,6001,KH004,4,0,0,0,4,19,78,42,A004,PENDING,1,,690
1691,INBOUND,7001,HK003,18,0,0,0,77,81,4,49,A010,WAIT,1,,691
1692,OUTBOUND,5001,HK003,13,0,0,0,4,49,79,37,A010,PENDING,1,,692
1693,INBOUND,8001,HK001,2,0,0,0,77,83,19,29,P006,WAIT,1,,693
1694,OUTBOUND,8001,HK001,14,0,0,0,19,29,76,28,P006,PENDING,1,,694
1695,INBOUND,5001,NX003,8,0,0,0,77,80,24,57,U011,WAIT,1,,695
1696,OUTBOUND,5001,NX003,24,0,0,0,24,57,76,38,U011,PENDING,1,,696
1697,INBOUND,8001,HK005,20,0,0,0,79,92,8,59,E012,WAIT,1,,697
1698,OUTBOUND,8001,HK005,2,0,0,0,8,59,78,37,E012,PENDING,1,,698
1699,INBOUND,8001,KH002,7,0,0,0,76,86,23,17,T003,WAIT,1,,699
1700,OUTBOUND,7001,KH002,22,0,0,0,23,17,79,41,T003,PENDING,1,,700
1701,INBOUND,8001,NX001,11,0,0,0,79,83,59,45,S011,WAIT,1,,701
1702,OUTBOUND,5001,NX001,16,0,0,0,59,45,78,28,S011,PENDING,1,,702
1703,INBOUND,8001,HK004,11,0,0,0,77,89,5,59,B012,WAIT,1,,703
1704,OUTBOUND,6001,HK004,19,0,0,0,5,59,76,30,B012,PENDING,1,,704
1705,INBOUND,6001,KH003,16,0,0,0,76,89,23,47,T009,WAIT,1,,705
1706,OUTBOUND,5001,KH003,11,0,0,0,23,47,77,41,T009,PENDING,1,,706
1707,INBOUND,7001,NX005,21,0,0,0,77,80,8,47,E009,WAIT,1,,707
1708,OUTBOUND,6001,NX005,24,0,0,0,8,47,76,33,E009,PENDING,1,,708
1709,INBOUND,8001,KH001,2,0,0,0,77,91,20,59,Q012,WAIT,1,,709
1710,OUTBOUND,8001,KH001,8,0,0,0,20,59,79,29,Q012,PENDING,1,,710
1711,INBOUND,6001,NX004,15,0,0,0,78,89,8,57,E011,WAIT,1,,711
1712,OUTBOUND,6001,NX004,11,0,0,0,8,57,79,32,E011,PENDING,1,,712
1713,INBOUND,7001,NX002,11,0,0,0,78,84,24,39,U008,WAIT,1,,713
1714,OUTBOUND,8001,NX002,18,0,0,0,24,39,78,31,U008,PENDING,1,,714
1715,INBOUND,7001,HK002,19,0,0,0,79,87,9,17,F003,WAIT,1,,715
1716,OUTBOUND,8001,HK002,7,0,0,0,9,17,79,30,F003,PENDING,1,,716
1717,INBOUND,6001,KH005,16,0,0,0,76,93,9,29,F006,WAIT,1,,717
1718,OUTBOUND,6001,KH005,1,0,0,0,9,29,79,32,F006,PENDING,1,,718
1719,INBOUND,6001,KH004,2,0,0,0,79,81,11,29,H006,WAIT,1,,719
1720,OUTBOUND,7001,KH004,7,0,0,0,11,29,79,33,H006,PENDING,1,,720
1721,INBOUND,7001,HK003,10,0,0,0,76,87,12,37,I007,WAIT,1,,721
1722,OUTBOUND,7001,HK003,20,0,0,0,12,37,78,29,I007,PENDING,1,,722
1723,INBOUND,6001,HK001,14,0,0,0,79,88,14,49,K010,WAIT,1,,723
1724,OUTBOUND,6001,HK001,5,0,0,0,14,49,79,30,K010,PENDING,1,,724
1725,INBOUND,5001,NX003,7,0,0,0,76,83,14,19,K004,WAIT,1,,725
1726,OUTBOUND,5001,NX003,3,0,0,0,14,19,76,32,K004,PENDING,1,,726
1727,INBOUND,7001,HK005,11,0,0,0,76,84,12,57,I011,WAIT,1,,727
1728,OUTBOUND,5001,HK005,9,0,0,0,12,57,79,39,I011,PENDING,1,,728
1729,INBOUND,7001,KH002,20,0,0,0,78,85,13,59,J012,WAIT,1,,729
1730,OUTBOUND,8001,KH002,7,0,0,0,13,59,77,36,J012,PENDING,1,,730
1731,INBOUND,5001,NX001,23,0,0,0,79,82,20,49,Q010,WAIT,1,,731
1732,OUTBOUND,7001,NX001,2,0,0,0,20,49,77,39,Q010,PENDING,1,,732
1733,INBOUND,6001,HK004,24,0,0,0,78,80,9,7,F001,WAIT,1,,733
1734,OUTBOUND,6001,HK004,17,0,0,0,9,7,76,38,F001,PENDING,1,,734
1735,INBOUND,7001,KH003,10,0,0,0,77,86,5,7,B001,WAIT,1,,735
1736,OUTBOUND,5001,KH003,17,0,0,0,5,7,78,34,B001,PENDING,1,,736
1737,INBOUND,8001,NX005,4,0,0,0,79,86,8,17,E003,WAIT,1,,737
1738,OUTBOUND,7001,NX005,8,0,0,0,8,17,76,33,E003,PENDING,1,,738
1739,INBOUND,7001,KH001,1,0,0,0,78,89,15,57,L011,WAIT,1,,739
1740,OUTBOUND,7001,KH001,13,0,0,0,15,57,76,36,L011,PENDING,1,,740
1741,INBOUND,5001,NX004,19,0,0,0,79,91,23,49,T010,WAIT,1,,741
1742,OUTBOUND,5001,NX004,19,0,0,0,23,49,79,35,T010,PENDING,1,,742
1743,INBOUND,8001,NX002,5,0,0,0,78,88,11,9,H002,WAIT,1,,743
1744,OUTBOUND,5001,NX002,12,0,0,0,11,9,77,28,H002,PENDING,1,,744
1745,INBOUND,8001,HK002,7,0,0,0,76,89,5,17,B003,WAIT,1,,745
1746,OUTBOUND,6001,HK002,13,0,0,0,5,17,78,35,B003,PENDING,1,,746
1747,INBOUND,6001,KH005,7,0,0,0,77,83,12,17,I003,WAIT,1,,747
1748,OUTBOUND,8001,KH005,16,0,0,0,12,17,76,33,I003,PENDING,1,,748
1749,INBOUND,7001,KH004,1,0,0,0,76,92,14,57,K011,WAIT,1,,749
1750,OUTBOUND,8001,KH004,24,0,0,0,14,57,76,33,K011,PENDING,1,,750
1751,INBOUND,8001,HK003,18,0,0,0,79,83,7,9,D002,WAIT,1,,751
1752,OUTBOUND,7001,HK003,14,0,0,0,7,9,77,41,D002,PENDING,1,,752
1753,INBOUND,6001,HK001,17,0,0,0,76,93,13,19,J004,WAIT,1,,753
1754,OUTBOUND,8001,HK001,2,0,0,0,13,19,78,31,J004,PENDING,1,,754
1755,INBOUND,6001,NX003,2,0,0,0,78,79,58,85,S005,WAIT,1,,755
1756,OUTBOUND,5001,NX003,20,0,0,0,58,85,79,29,S005,PENDING,1,,756
1757,INBOUND,7001,HK005,18,0,0,0,79,92,23,57,T011,WAIT,1,,757
1758,OUTBOUND,7001,HK005,16,0,0,0,23,57,79,39,T011,PENDING,1,,758
1759,INBOUND,8001,KH002,18,0,0,0,78,89,24,37,U007,WAIT,1,,759
1760,OUTBOUND,8001,KH002,2,0,0,0,24,37,77,35,U007,PENDING,1,,760
1761,INBOUND,7001,NX001,6,0,0,0,79,90,10,39,G008,WAIT,1,,761
1762,OUTBOUND,5001,NX001,15,0,0,0,10,39,79,31,G008,PENDING,1,,762
1763,INBOUND,5001,HK004,10,0,0,0,79,93,10,29,G006,WAIT,1,,763
1764,OUTBOUND,5001,HK004,12,0,0,0,10,29,76,29,G006,PENDING,1,,764
1765,INBOUND,7001,KH003,4,0,0,0,78,82,5,47,B009,WAIT,1,,765
1766,OUTBOUND,7001,KH003,3,0,0,0,5,47,78,42,B009,PENDING,1,,766
1767,INBOUND,8001,NX005,11,0,0,0,78,91,6,59,C012,WAIT,1,,767
1768,OUTBOUND,7001,NX005,21,0,0,0,6,59,77,33,C012,PENDING,1,,768
1769,INBOUND,8001,KH001,12,0,0,0,79,87,23,27,T005,WAIT,1,,769
1770,OUTBOUND,8001,KH001,7,0,0,0,23,27,79,32,T005,PENDING,1,,770
1771,INBOUND,5001,NX004,20,0,0,0,76,85,4,57,A011,WAIT,1,,771
1772,OUTBOUND,6001,NX004,23,0,0,0,4,57,77,42,A011,PENDING,1,,772
1773,INBOUND,6001,NX002,9,0,0,0,79,81,21,9,R002,WAIT,1,,773
1774,OUTBOUND,8001,NX002,16,0,0,0,21,9,79,32,R002,PENDING,1,,774
1775,INBOUND,5001,HK002,15,0,0,0,79,84,17,29,N006,WAIT,1,,775
1776,OUTBOUND,5001,HK002,15,0,0,0,17,29,79,39,N006,PENDING,1,,776
1777,INBOUND,5001,KH005,16,0,0,0,78,83,11,19,H004,WAIT,1,,777
1778,OUTBOUND,5001,KH005,16,0,0,0,11,19,78,42,H004,PENDING,1,,778
1779,INBOUND,7001,KH004,3,0,0,0,76,89,4,37,A007,WAIT,1,,779
1780,OUTBOUND,7001,KH004,8,0,0,0,4,37,78,30,A007,PENDING,1,,780
1781,INBOUND,7001,HK003,13,0,0,0,78,85,7,17,D003,WAIT,1,,781
1782,OUTBOUND,7001,HK003,19,0,0,0,7,17,78,28,D003,PENDING,1,,782
1783,INBOUND,6001,HK001,15,0,0,0,76,87,8,7,E001,WAIT,1,,783
1784,OUTBOUND,6001,HK001,2,0,0,0,8,7,79,35,E001,PENDING,1,,784
1785,INBOUND,5001,NX003,11,0,0,0,77,82,14,17,K003,WAIT,1,,785
1786,OUTBOUND,8001,NX003,2,0,0,0,14,17,78,29,K003,PENDING,1,,786
1787,INBOUND,8001,HK005,21,0,0,0,79,84,19,47,P009,WAIT,1,,787
1788,OUTBOUND,8001,HK005,3,0,0,0,19,47,78,38,P009,PENDING,1,,788
1789,INBOUND,7001,KH002,15,0,0,0,78,91,5,37,B007,WAIT,1,,789
1790,OUTBOUND,5001,KH002,17,0,0,0,5,37,78,33,B007,PENDING,1,,790
1791,INBOUND,6001,NX001,18,0,0,0,77,90,19,39,P008,WAIT,1,,791
1792,OUTBOUND,5001,NX001,12,0,0,0,19,39,77,34,P008,PENDING,1,,792
1793,INBOUND,8001,HK004,10,0,0,0,77,89,18,57,O011,WAIT,1,,793
1794,OUTBOUND,7001,HK004,3,0,0,0,18,57,79,33,O011,PENDING,1,,794
1795,INBOUND,5001,KH003,8,0,0,0,76,93,11,17,H003,WAIT,1,,795
1796,OUTBOUND,6001,KH003,23,0,0,0,11,17,78,34,H003,PENDING,1,,796
1797,INBOUND,6001,NX005,17,0,0,0,76,79,10,19,G004,WAIT,1,,797
1798,OUTBOUND,7001,NX005,14,0,0,0,10,19,79,34,G004,PENDING,1,,798
1799,INBOUND,6001,KH001,16,0,0,0,77,83,10,7,G001,WAIT,1,,799
1800,OUTBOUND,8001,KH001,2,0,0,0,10,7,79,39,G001,PENDING,1,,800
1801,INBOUND,6001,NX004,15,0,0,0,79,84,20,47,Q009,WAIT,1,,801
1802,OUTBOUND,5001,NX004,2,0,0,0,20,47,76,35,Q009,PENDING,1,,802
1803,INBOUND,5001,NX002,20,0,0,0,79,90,13,29,J006,WAIT,1,,803
1804,OUTBOUND,5001,NX002,23,0,0,0,13,29,77,30,J006,PENDING,1,,804
1805,INBOUND,5001,HK002,1,0,0,0,77,82,23,9,T002,WAIT,1,,805
1806,OUTBOUND,8001,HK002,18,0,0,0,23,9,77,36,T002,PENDING,1,,806
1807,INBOUND,5001,KH005,3,0,0,0,78,87,4,7,A001,WAIT,1,,807
1808,OUTBOUND,7001,KH005,14,0,0,0,4,7,78,36,A001,PENDING,1,,808
1809,INBOUND,7001,KH004,4,0,0,0,77,83,19,7,P001,WAIT,1,,809
1810,OUTBOUND,5001,KH004,13,0,0,0,19,7,77,31,P001,PENDING,1,,810
1811,INBOUND,5001,HK003,10,0,0,0,79,89,10,49,G010,WAIT,1,,811
1812,OUTBOUND,8001,HK003,13,0,0,0,10,49,79,39,G010,PENDING,1,,812
1813,INBOUND,8001,HK001,22,0,0,0,76,85,19,9,P002,WAIT,1,,813
1814,OUTBOUND,8001,HK001,5,0,0,0,19,9,76,37,P002,PENDING,1,,814
1815,INBOUND,5001,NX003,9,0,0,0,78,84,15,9,L002,WAIT,1,,815
1816,OUTBOUND,7001,NX003,21,0,0,0,15,9,79,33,L002,PENDING,1,,816
1817,INBOUND,7001,HK005,17,0,0,0,76,89,9,47,F009,WAIT,1,,817
1818,OUTBOUND,5001,HK005,1,0,0,0,9,47,77,33,F009,PENDING,1,,818
1819,INBOUND,8001,KH002,4,0,0,0,76,83,4,27,A005,WAIT,1,,819
1820,OUTBOUND,7001,KH002,15,0,0,0,4,27,77,41,A005,PENDING,1,,820
1821,INBOUND,5001,NX001,15,0,0,0,79,93,59,75,S012,WAIT,1,,821
1822,OUTBOUND,5001,NX001,24,0,0,0,59,75,76,36,S012,PENDING,1,,822
1823,INBOUND,5001,HK004,15,0,0,0,79,79,7,7,D001,WAIT,1,,823
1824,OUTBOUND,6001,HK004,3,0,0,0,7,7,78,29,D001,PENDING,1,,824
1825,INBOUND,7001,KH003,7,0,0,0,78,92,15,7,L001,WAIT,1,,825
1826,OUTBOUND,7001,KH003,23,0,0,0,15,7,79,42,L001,PENDING,1,,826
1827,INBOUND,7001,NX005,14,0,0,0,77,93,11,47,H009,WAIT,1,,827
1828,OUTBOUND,5001,NX005,2,0,0,0,11,47,76,36,H009,PENDING,1,,828
1829,INBOUND,8001,KH001,14,0,0,0,79,88,5,49,B010,WAIT,1,,829
1830,OUTBOUND,7001,KH001,3,0,0,0,5,49,79,28,B010,PENDING,1,,830
1831,INBOUND,6001,NX004,17,0,0,0,77,86,21,29,R006,WAIT,1,,831
1832,OUTBOUND,7001,NX004,21,0,0,0,21,29,77,34,R006,PENDING,1,,832
1833,INBOUND,5001,NX002,10,0,0,0,79,81,13,39,J008,WAIT,1,,833
1834,OUTBOUND,6001,NX002,9,0,0,0,13,39,77,34,J008,PENDING,1,,834
1835,INBOUND,7001,HK002,19,0,0,0,79,86,21,7,R001,WAIT,1,,835
1836,OUTBOUND,5001,HK002,15,0,0,0,21,7,78,40,R001,PENDING,1,,836
1837,INBOUND,6001,KH005,12,0,0,0,79,89,7,59,D012,WAIT,1,,837
1838,OUTBOUND,6001,KH005,4,0,0,0,7,59,76,28,D012,PENDING,1,,838
1839,INBOUND,5001,KH004,7,0,0,0,79,88,21,47,R009,WAIT,1,,839
1840,OUTBOUND,8001,KH004,10,0,0,0,21,47,77,29,R009,PENDING,1,,840
1841,INBOUND,8001,HK003,23,0,0,0,79,81,7,39,D008,WAIT,1,,841
1842,OUTBOUND,8001,HK003,6,0,0,0,7,39,78,29,D008,PENDING,1,,842
1843,INBOUND,7001,HK001,5,0,0,0,77,82,24,49,U010,WAIT,1,,843
1844,OUTBOUND,8001,HK001,22,0,0,0,24,49,79,31,U010,PENDING,1,,844
1845,INBOUND,6001,NX003,18,0,0,0,77,89,8,19,E004,WAIT,1,,845
1846,OUTBOUND,8001,NX003,23,0,0,0,8,19,77,35,E004,PENDING,1,,846
1847,INBOUND,6001,HK005,20,0,0,0,79,79,23,7,T001,WAIT,1,,847
1848,OUTBOUND,6001,HK005,11,0,0,0,23,7,77,33,T001,PENDING,1,,848
1849,INBOUND,7001,KH002,1,0,0,0,78,83,21,27,R005,WAIT,1,,849
1850,OUTBOUND,7001,KH002,10,0,0,0,21,27,77,31,R005,PENDING,1,,850
1851,INBOUND,6001,NX001,1,0,0,0,77,85,19,37,P007,WAIT,1,,851
1852,OUTBOUND,7001,NX001,13,0,0,0,19,37,79,32,P007,PENDING,1,,852
1853,INBOUND,7001,HK004,12,0,0,0,77,87,12,27,I005,WAIT,1,,853
1854,OUTBOUND,7001,HK004,24,0,0,0,12,27,77,28,I005,PENDING,1,,854
1855,INBOUND,6001,KH003,16,0,0,0,79,91,9,49,F010,WAIT,1,,855
1856,OUTBOUND,7001,KH003,8,0,0,0,9,49,78,42,F010,PENDING,1,,856
1857,INBOUND,8001,NX005,5,0,0,0,78,80,13,7,J001,WAIT,1,,857
1858,OUTBOUND,5001,NX005,12,0,0,0,13,7,77,41,J001,PENDING,1,,858
1859,INBOUND,5001,KH001,18,0,0,0,76,93,12,39,I008,WAIT,1,,859
1860,OUTBOUND,5001,KH001,3,0,0,0,12,39,76,35,I008,PENDING,1,,860
1861,INBOUND,7001,NX004,15,0,0,0,77,91,10,9,G002,WAIT,1,,861
1862,OUTBOUND,8001,NX004,12,0,0,0,10,9,78,34,G002,PENDING,1,,862
1863,INBOUND,5001,NX002,24,0,0,0,77,80,10,17,G003,WAIT,1,,863
1864,OUTBOUND,6001,NX002,20,0,0,0,10,17,79,31,G003,PENDING,1,,864
1865,INBOUND,7001,HK002,4,0,0,0,77,93,9,19,F004,WAIT,1,,865
1866,OUTBOUND,6001,HK002,8,0,0,0,9,19,76,34,F004,PENDING,1,,866
1867,INBOUND,8001,KH005,10,0,0,0,79,82,16,37,M007,WAIT,1,,867
1868,OUTBOUND,5001,KH005,1,0,0,0,16,37,78,28,M007,PENDING,1,,868
1869,INBOUND,5001,KH004,7,0,0,0,77,90,16,39,M008,WAIT,1,,869
1870,OUTBOUND,6001,KH004,8,0,0,0,16,39,79,41,M008,PENDING,1,,870
1871,INBOUND,6001,HK003,16,0,0,0,77,80,21,39,R008,WAIT,1,,871
1872,OUTBOUND,8001,HK003,4,0,0,0,21,39,79,36,R008,PENDING,1,,872
1873,INBOUND,7001,HK001,6,0,0,0,76,88,13,27,J005,WAIT,1,,873
1874,OUTBOUND,6001,HK001,15,0,0,0,13,27,77,41,J005,PENDING,1,,874
1875,INBOUND,8001,NX003,4,0,0,0,76,92,18,17,O003,WAIT,1,,875
1876,OUTBOUND,7001,NX003,20,0,0,0,18,17,78,39,O003,PENDING,1,,876
1877,INBOUND,6001,HK005,17,0,0,0,78,83,13,9,J002,WAIT,1,,877
1878,OUTBOUND,5001,HK005,10,0,0,0,13,9,79,34,J002,PENDING,1,,878
1879,INBOUND,8001,KH002,1,0,0,0,77,86,58,35,S002,WAIT,1,,879
1880,OUTBOUND,6001,KH002,17,0,0,0,58,35,78,40,S002,PENDING,1,,880
1881,INBOUND,6001,NX001,10,0,0,0,79,82,17,37,N007,WAIT,1,,881
1882,OUTBOUND,7001,NX001,3,0,0,0,17,37,78,37,N007,PENDING,1,,882
1883,INBOUND,5001,HK004,20,0,0,0,79,93,14,29,K006,WAIT,1,,883
1884,OUTBOUND,8001,HK004,24,0,0,0,14,29,78,41,K006,PENDING,1,,884
1885,INBOUND,5001,KH003,6,0,0,0,76,79,12,49,I010,WAIT,1,,885
1886,OUTBOUND,6001,KH003,20,0,0,0,12,49,79,31,I010,PENDING,1,,886
1887,INBOUND,6001,NX005,22,0,0,0,78,91,58,25,S001,WAIT,1,,887
1888,OUTBOUND,6001,NX005,23,0,0,0,58,25,77,29,S001,PENDING,1,,888
1889,INBOUND,7001,KH001,10,0,0,0,76,85,16,19,M004,WAIT,1,,889
1890,OUTBOUND,5001,KH001,13,0,0,0,16,19,76,28,M004,PENDING,1,,890
1891,INBOUND,8001,NX004,3,0,0,0,77,93,21,49,R010,WAIT,1,,891
1892,OUTBOUND,7001,NX004,2,0,0,0,21,49,76,39,R010,PENDING,1,,892
1893,INBOUND,8001,NX002,6,0,0,0,78,84,13,37,J007,WAIT,1,,893
1894,OUTBOUND,7001,NX002,24,0,0,0,13,37,77,37,J007,PENDING,1,,894
1895,INBOUND,6001,HK002,1,0,0,0,78,84,5,39,B008,WAIT,1,,895
1896,OUTBOUND,5001,HK002,8,0,0,0,5,39,77,35,B008,PENDING,1,,896
1897,INBOUND,8001,KH005,7,0,0,0,77,79,20,17,Q003,WAIT,1,,897
1898,OUTBOUND,5001,KH005,4,0,0,0,20,17,77,29,Q003,PENDING,1,,898
1899,INBOUND,6001,KH004,19,0,0,0,78,85,24,47,U009,WAIT,1,,899
1900,OUTBOUND,6001,KH004,24,0,0,0,24,47,79,30,U009,PENDING,1,,900
1901,INBOUND,5001,HK003,8,0,0,0,76,86,6,7,C001,WAIT,1,,901
1902,OUTBOUND,6001,HK003,3,0,0,0,6,7,77,39,C001,PENDING,1,,902
1903,INBOUND,7001,HK001,24,0,0,0,78,92,58,45,S003,WAIT,1,,903
1904,OUTBOUND,5001,HK001,5,0,0,0,58,45,79,42,S003,PENDING,1,,904
1905,INBOUND,7001,NX003,8,0,0,0,76,79,17,49,N010,WAIT,1,,905
1906,OUTBOUND,7001,NX003,16,0,0,0,17,49,78,34,N010,PENDING,1,,906
1907,INBOUND,8001,HK005,17,0,0,0,78,91,6,19,C004,WAIT,1,,907
1908,OUTBOUND,5001,HK005,6,0,0,0,6,19,78,38,C004,PENDING,1,,908
1909,INBOUND,8001,KH002,9,0,0,0,77,87,14,47,K009,WAIT,1,,909
1910,OUTBOUND,7001,KH002,14,0,0,0,14,47,77,33,K009,PENDING,1,,910
1911,INBOUND,8001,NX001,24,0,0,0,78,81,19,59,P012,WAIT,1,,911
1912,OUTBOUND,6001,NX001,1,0,0,0,19,59,78,41,P012,PENDING,1,,912
1913,INBOUND,6001,HK004,5,0,0,0,78,85,16,47,M009,WAIT,1,,913
1914,OUTBOUND,8001,HK004,12,0,0,0,16,47,79,34,M009,PENDING,1,,914
1915,INBOUND,7001,KH003,3,0,0,0,76,88,20,7,Q001,WAIT,1,,915
1916,OUTBOUND,8001,KH003,1,0,0,0,20,7,77,34,Q001,PENDING,1,,916
1917,INBOUND,8001,NX005,1,0,0,0,78,81,20,19,Q004,WAIT,1,,917
1918,OUTBOUND,6001,NX005,15,0,0,0,20,19,76,42,Q004,PENDING,1,,918
1919,INBOUND,7001,KH001,13,0,0,0,76,89,12,9,I002,WAIT,1,,919
1920,OUTBOUND,7001,KH001,21,0,0,0,12,9,79,30,I002,PENDING,1,,920
1921,INBOUND,6001,NX004,14,0,0,0,76,84,12,19,I004,WAIT,1,,921
1922,OUTBOUND,8001,NX004,10,0,0,0,12,19,79,28,I004,PENDING,1,,922
1923,INBOUND,7001,NX002,10,0,0,0,78,87,20,27,Q005,WAIT,1,,923
1924,OUTBOUND,5001,NX002,23,0,0,0,20,27,76,31,Q005,PENDING,1,,924
1925,INBOUND,5001,HK002,4,0,0,0,76,80,4,17,A003,WAIT,1,,925
1926,OUTBOUND,7001,HK002,19,0,0,0,4,17,76,38,A003,PENDING,1,,926
1927,INBOUND,8001,KH005,7,0,0,0,76,90,4,9,A002,WAIT,1,,927
1928,OUTBOUND,6001,KH005,13,0,0,0,4,9,79,38,A002,PENDING,1,,928
1929,INBOUND,8001,KH004,3,0,0,0,77,91,9,9,F002,WAIT,1,,929
1930,OUTBOUND,7001,KH004,18,0,0,0,9,9,79,40,F002,PENDING,1,,930
1931,INBOUND,5001,HK003,4,0,0,0,79,82,6,37,C007,WAIT,1,,931
1932,OUTBOUND,5001,HK003,13,0,0,0,6,37,76,38,C007,PENDING,1,,932
1933,INBOUND,7001,HK001,18,0,0,0,79,93,5,27,B005,WAIT,1,,933
1934,OUTBOUND,8001,HK001,9,0,0,0,5,27,76,39,B005,PENDING,1,,934
1935,INBOUND,6001,NX003,16,0,0,0,77,85,4,47,A009,WAIT,1,,935
1936,OUTBOUND,5001,NX003,8,0,0,0,4,47,77,33,A009,PENDING,1,,936
1937,INBOUND,8001,HK005,14,0,0,0,77,85,9,27,F005,WAIT,1,,937
1938,OUTBOUND,5001,HK005,12,0,0,0,9,27,76,32,F005,PENDING,1,,938
1939,INBOUND,6001,KH002,9,0,0,0,77,88,18,37,O007,WAIT,1,,939
1940,OUTBOUND,5001,KH002,22,0,0,0,18,37,77,39,O007,PENDING,1,,940
1941,INBOUND,6001,NX001,5,0,0,0,77,88,20,37,Q007,WAIT,1,,941
1942,OUTBOUND,7001,NX001,7,0,0,0,20,37,78,28,Q007,PENDING,1,,942
1943,INBOUND,7001,HK004,6,0,0,0,77,81,24,7,U001,WAIT,1,,943
1944,OUTBOUND,8001,HK004,1,0,0,0,24,7,77,28,U001,PENDING,1,,944
1945,INBOUND,8001,KH003,20,0,0,0,76,84,8,39,E008,WAIT,1,,945
1946,OUTBOUND,7001,KH003,17,0,0,0,8,39,76,31,E008,PENDING,1,,946
1947,INBOUND,5001,NX005,8,0,0,0,78,88,58,94,S006,WAIT,1,,947
1948,OUTBOUND,8001,NX005,6,0,0,0,58,94,78,36,S006,PENDING,1,,948
1949,INBOUND,8001,KH001,3,0,0,0,78,87,18,9,O002,WAIT,1,,949
1950,OUTBOUND,5001,KH001,4,0,0,0,18,9,76,33,O002,PENDING,1,,950
1951,INBOUND,5001,NX004,21,0,0,0,77,82,19,19,P004,WAIT,1,,951
1952,OUTBOUND,8001,NX004,9,0,0,0,19,19,76,38,P004,PENDING,1,,952
1953,INBOUND,5001,NX002,14,0,0,0,77,80,11,39,H008,WAIT,1,,953
1954,OUTBOUND,5001,NX002,7,0,0,0,11,39,78,40,H008,PENDING,1,,954
1955,INBOUND,8001,HK002,11,0,0,0,77,87,23,37,T007,WAIT,1,,955
1956,OUTBOUND,8001,HK002,7,0,0,0,23,37,76,38,T007,PENDING,1,,956
1957,INBOUND,5001,KH005,14,0,0,0,78,88,15,49,L010,WAIT,1,,957
1958,OUTBOUND,8001,KH005,16,0,0,0,15,49,79,31,L010,PENDING,1,,958
1959,INBOUND,7001,KH004,20,0,0,0,76,87,14,59,K012,WAIT,1,,959
1960,OUTBOUND,6001,KH004,9,0,0,0,14,59,78,37,K012,PENDING,1,,960
